-- MySQL dump 10.13  Distrib 5.5.34, for debian-linux-gnu (i686)
--
-- Host: localhost    Database: penjualandb
-- ------------------------------------------------------
-- Server version	5.5.34-0ubuntu0.13.04.1-log

/*!40101 SET @OLD_CHARACTER_SET_CLIENT=@@CHARACTER_SET_CLIENT */;
/*!40101 SET @OLD_CHARACTER_SET_RESULTS=@@CHARACTER_SET_RESULTS */;
/*!40101 SET @OLD_COLLATION_CONNECTION=@@COLLATION_CONNECTION */;
/*!40101 SET NAMES utf8 */;
/*!40103 SET @OLD_TIME_ZONE=@@TIME_ZONE */;
/*!40103 SET TIME_ZONE='+00:00' */;
/*!40014 SET @OLD_UNIQUE_CHECKS=@@UNIQUE_CHECKS, UNIQUE_CHECKS=0 */;
/*!40014 SET @OLD_FOREIGN_KEY_CHECKS=@@FOREIGN_KEY_CHECKS, FOREIGN_KEY_CHECKS=0 */;
/*!40101 SET @OLD_SQL_MODE=@@SQL_MODE, SQL_MODE='NO_AUTO_VALUE_ON_ZERO' */;
/*!40111 SET @OLD_SQL_NOTES=@@SQL_NOTES, SQL_NOTES=0 */;

--
-- Current Database: `penjualandb`
--

/*!40000 DROP DATABASE IF EXISTS `penjualandb`*/;

CREATE DATABASE /*!32312 IF NOT EXISTS*/ `penjualandb` /*!40100 DEFAULT CHARACTER SET latin1 */;

USE `penjualandb`;

--
-- Table structure for table `dtl_po`
--

DROP TABLE IF EXISTS `dtl_po`;
/*!40101 SET @saved_cs_client     = @@character_set_client */;
/*!40101 SET character_set_client = utf8 */;
CREATE TABLE `dtl_po` (
  `KD_ITEM` varchar(6) NOT NULL,
  `NO_PO` varchar(30) NOT NULL,
  `VCREABY` varchar(255) DEFAULT NULL,
  `DCREA` datetime DEFAULT NULL,
  `VMODIBY` varchar(255) DEFAULT NULL,
  `DMODI` datetime DEFAULT NULL,
  `QTY` int(11) DEFAULT NULL,
  `QTY_APP` int(11) DEFAULT NULL,
  PRIMARY KEY (`KD_ITEM`,`NO_PO`),
  KEY `FK_6054f316435947b38e55f88af02` (`NO_PO`),
  CONSTRAINT `FK_6054f316435947b38e55f88af02` FOREIGN KEY (`NO_PO`) REFERENCES `hdr_po` (`NO_PO`)
) ENGINE=InnoDB DEFAULT CHARSET=latin1;
/*!40101 SET character_set_client = @saved_cs_client */;

--
-- Dumping data for table `dtl_po`
--

LOCK TABLES `dtl_po` WRITE;
/*!40000 ALTER TABLE `dtl_po` DISABLE KEYS */;
INSERT INTO `dtl_po` (`KD_ITEM`, `NO_PO`, `VCREABY`, `DCREA`, `VMODIBY`, `DMODI`, `QTY`, `QTY_APP`) VALUES ('BF0-BL','001/PO-T13/2014',NULL,NULL,NULL,NULL,2,0),('BF0-BL','002/PO-T13/2014',NULL,NULL,NULL,NULL,200,0),('BF0-BL','003/PO-T13/2014',NULL,NULL,NULL,NULL,200,0),('BF0-BL','004/PO-T13/2014',NULL,NULL,NULL,NULL,200,0),('BF0-BL','005/PO-T11/2014',NULL,NULL,NULL,NULL,200,0),('BF0-BL','006/PO-T11/2014',NULL,NULL,NULL,NULL,200,0),('BF0-BL','007/PO-T11/2014',NULL,NULL,NULL,NULL,200,0),('BP0-HM','001/PO-T13/2014',NULL,NULL,NULL,NULL,2,0),('BP0-HM','002/PO-T13/2014',NULL,NULL,NULL,NULL,2,0),('BP0-HM','003/PO-T13/2014',NULL,NULL,NULL,NULL,2,0),('BP0-HM','004/PO-T13/2014',NULL,NULL,NULL,NULL,2,0),('BP0-HM','005/PO-T11/2014',NULL,NULL,NULL,NULL,2,0),('BP0-HM','006/PO-T11/2014',NULL,NULL,NULL,NULL,2,0),('BP0-HM','007/PO-T11/2014',NULL,NULL,NULL,NULL,2,0),('BV1-BR','001/PO-T13/2014',NULL,NULL,NULL,NULL,2,0),('BV1-BR','002/PO-T13/2014',NULL,NULL,NULL,NULL,2,0),('BV1-BR','003/PO-T13/2014',NULL,NULL,NULL,NULL,2,0),('BV1-BR','004/PO-T13/2014',NULL,NULL,NULL,NULL,2,0),('BV1-BR','005/PO-T11/2014',NULL,NULL,NULL,NULL,2,0),('BV1-BR','006/PO-T11/2014',NULL,NULL,NULL,NULL,2,0),('BV1-BR','007/PO-T11/2014',NULL,NULL,NULL,NULL,2,0),('CA0-BL','001/PO-T13/2014',NULL,NULL,NULL,NULL,2,0),('CA0-BL','002/PO-T13/2014',NULL,NULL,NULL,NULL,2,0),('CA0-BL','003/PO-T13/2014',NULL,NULL,NULL,NULL,2,0),('CA0-BL','004/PO-T13/2014',NULL,NULL,NULL,NULL,2,0),('CA0-BL','005/PO-T11/2014',NULL,NULL,NULL,NULL,2,0),('CA0-BL','006/PO-T11/2014',NULL,NULL,NULL,NULL,2,0),('CA0-BL','007/PO-T11/2014',NULL,NULL,NULL,NULL,2,0);
/*!40000 ALTER TABLE `dtl_po` ENABLE KEYS */;
UNLOCK TABLES;

--
-- Table structure for table `hdr_po`
--

DROP TABLE IF EXISTS `hdr_po`;
/*!40101 SET @saved_cs_client     = @@character_set_client */;
/*!40101 SET character_set_client = utf8 */;
CREATE TABLE `hdr_po` (
  `NO_PO` varchar(30) NOT NULL,
  `VCREABY` varchar(255) DEFAULT NULL,
  `DCREA` datetime DEFAULT NULL,
  `VMODIBY` varchar(255) DEFAULT NULL,
  `DMODI` datetime DEFAULT NULL,
  `ID_DEALER` varchar(6) DEFAULT NULL,
  `STATUS` varchar(1) DEFAULT NULL,
  `TGL_PO` date DEFAULT NULL,
  PRIMARY KEY (`NO_PO`)
) ENGINE=InnoDB DEFAULT CHARSET=latin1;
/*!40101 SET character_set_client = @saved_cs_client */;

--
-- Dumping data for table `hdr_po`
--

LOCK TABLES `hdr_po` WRITE;
/*!40000 ALTER TABLE `hdr_po` DISABLE KEYS */;
INSERT INTO `hdr_po` (`NO_PO`, `VCREABY`, `DCREA`, `VMODIBY`, `DMODI`, `ID_DEALER`, `STATUS`, `TGL_PO`) VALUES ('001/PO-T13/2014','saifi','2014-09-01 15:18:37',NULL,NULL,'T13','A','2014-08-31'),('002/PO-T13/2014','saifi','2014-09-01 15:18:37',NULL,NULL,'T13','A','2014-08-31'),('003/PO-T13/2014','saifi','2014-09-01 15:18:37',NULL,NULL,'T13','A','2014-08-31'),('004/PO-T13/2014','saifi','2014-09-01 15:18:37',NULL,NULL,'T13','A','2014-08-31'),('005/PO-T11/2014','saifi','2014-09-01 15:18:37',NULL,NULL,'T11','A','2014-08-31'),('006/PO-T11/2014','saifi','2014-09-01 15:18:37',NULL,NULL,'T11','A','2014-08-31'),('007/PO-T11/2014','saifi','2014-09-01 15:18:37',NULL,NULL,'T11','A','2014-08-31');
/*!40000 ALTER TABLE `hdr_po` ENABLE KEYS */;
UNLOCK TABLES;

--
-- Table structure for table `mst_access_role`
--

DROP TABLE IF EXISTS `mst_access_role`;
/*!40101 SET @saved_cs_client     = @@character_set_client */;
/*!40101 SET character_set_client = utf8 */;
CREATE TABLE `mst_access_role` (
  `VMENUID` varchar(20) NOT NULL,
  `VROLEID` varchar(20) NOT NULL,
  `DCREA` datetime DEFAULT NULL,
  `DMODI` datetime DEFAULT NULL,
  `VCREABY` varchar(20) DEFAULT NULL,
  `VMODIBY` varchar(20) DEFAULT NULL,
  `VSTAT` varchar(1) DEFAULT NULL,
  PRIMARY KEY (`VMENUID`,`VROLEID`),
  KEY `FK_b76e8380cce14ac1bde747c177e` (`VMENUID`),
  KEY `FK_3563609500d245b5894381e35cf` (`VROLEID`),
  CONSTRAINT `FK_3563609500d245b5894381e35cf` FOREIGN KEY (`VROLEID`) REFERENCES `mst_role` (`VROLEID`),
  CONSTRAINT `FK_b76e8380cce14ac1bde747c177e` FOREIGN KEY (`VMENUID`) REFERENCES `mst_menu` (`VMENUID`)
) ENGINE=InnoDB DEFAULT CHARSET=latin1;
/*!40101 SET character_set_client = @saved_cs_client */;

--
-- Dumping data for table `mst_access_role`
--

LOCK TABLES `mst_access_role` WRITE;
/*!40000 ALTER TABLE `mst_access_role` DISABLE KEYS */;
/*!40000 ALTER TABLE `mst_access_role` ENABLE KEYS */;
UNLOCK TABLES;

--
-- Table structure for table `mst_dealer`
--

DROP TABLE IF EXISTS `mst_dealer`;
/*!40101 SET @saved_cs_client     = @@character_set_client */;
/*!40101 SET character_set_client = utf8 */;
CREATE TABLE `mst_dealer` (
  `ID` varchar(6) NOT NULL,
  `DCREA` datetime DEFAULT NULL,
  `DMODI` datetime DEFAULT NULL,
  `VCREABY` varchar(20) DEFAULT NULL,
  `VMODIBY` varchar(20) DEFAULT NULL,
  `ALAMAT` varchar(200) DEFAULT NULL,
  `NAMA` varchar(50) DEFAULT NULL,
  `PIMPINAN` varchar(30) DEFAULT NULL,
  `TELPON` varchar(15) DEFAULT NULL,
  `NO_NPWP` varchar(30) DEFAULT NULL,
  PRIMARY KEY (`ID`)
) ENGINE=InnoDB DEFAULT CHARSET=latin1;
/*!40101 SET character_set_client = @saved_cs_client */;

--
-- Dumping data for table `mst_dealer`
--

LOCK TABLES `mst_dealer` WRITE;
/*!40000 ALTER TABLE `mst_dealer` DISABLE KEYS */;
INSERT INTO `mst_dealer` (`ID`, `DCREA`, `DMODI`, `VCREABY`, `VMODIBY`, `ALAMAT`, `NAMA`, `PIMPINAN`, `TELPON`, `NO_NPWP`) VALUES ('CH5','2014-08-26 23:04:00',NULL,'dessy',NULL,'Martadinata','Martadinata','Saifi Ahmada','0511 456 789',NULL),('T11','2014-08-26 23:01:21',NULL,'saifi',NULL,'Kolonel','Kolonel','Nadrah Syukra','0511 234 567',NULL),('T13','2014-08-26 23:00:44',NULL,'saifi',NULL,'Perintis Kemerdekaan','Perintis','Setiawan Pangestu','0511 567 890',NULL);
/*!40000 ALTER TABLE `mst_dealer` ENABLE KEYS */;
UNLOCK TABLES;

--
-- Table structure for table `mst_item`
--

DROP TABLE IF EXISTS `mst_item`;
/*!40101 SET @saved_cs_client     = @@character_set_client */;
/*!40101 SET character_set_client = utf8 */;
CREATE TABLE `mst_item` (
  `KD_ITEM` varchar(6) NOT NULL,
  `VCREABY` varchar(255) DEFAULT NULL,
  `DCREA` datetime DEFAULT NULL,
  `VMODIBY` varchar(255) DEFAULT NULL,
  `DMODI` datetime DEFAULT NULL,
  `NAMA` varchar(15) DEFAULT NULL,
  `TIPE` varchar(15) DEFAULT NULL,
  `WARNA` varchar(15) DEFAULT NULL,
  PRIMARY KEY (`KD_ITEM`)
) ENGINE=InnoDB DEFAULT CHARSET=latin1;
/*!40101 SET character_set_client = @saved_cs_client */;

--
-- Dumping data for table `mst_item`
--

LOCK TABLES `mst_item` WRITE;
/*!40000 ALTER TABLE `mst_item` DISABLE KEYS */;
INSERT INTO `mst_item` (`KD_ITEM`, `VCREABY`, `DCREA`, `VMODIBY`, `DMODI`, `NAMA`, `TIPE`, `WARNA`) VALUES ('ABN-BB',NULL,NULL,NULL,NULL,'LEGENDA','C 100 ML','BLACK BLUE'),('ABN-BR',NULL,NULL,NULL,NULL,'LEGENDA','C 100 ML','BLACK RED'),('ABN-BV',NULL,NULL,NULL,NULL,'LEGENDA','C 100 ML','BLACK VIOLET'),('ABP-BG',NULL,NULL,NULL,NULL,'LEGENDA','C 100 ML1','BLACK GREEN'),('ABP-BO',NULL,NULL,NULL,NULL,'LEGENDA','C 100 ML1','BLACK ORANGE'),('ABP-BR',NULL,NULL,NULL,NULL,'LEGENDA','C 100 ML1','BLACK RED'),('AC6-BB',NULL,NULL,NULL,NULL,'GL MAX','GL MAX 6','BLACK BLUE'),('AC6-BR',NULL,NULL,NULL,NULL,'GL MAX','GL MAX 6','BLACK RED'),('AC7-BB',NULL,NULL,NULL,NULL,'GL MAX','GL MAX 7','BLACK BLUE'),('AC7-BR',NULL,NULL,NULL,NULL,'GL MAX','GL MAX 7','BLACK RED'),('AE4-BG',NULL,NULL,NULL,NULL,'SUPRA','NF 100 4','BLACK GREEN'),('AE4-BY',NULL,NULL,NULL,NULL,'SUPRA','NF 100 4','BLACK YELLOW'),('AE5-BG',NULL,NULL,NULL,NULL,'SUPRA','NF 100 5','BLACK GREEN'),('AE5-BR',NULL,NULL,NULL,NULL,'SUPRA','NF 100 5','BLACK RED'),('AF2-BV',NULL,NULL,NULL,NULL,'SUPRA X','NF 100 D2','BLACK VIOLET'),('AF3-AH',NULL,NULL,NULL,NULL,'SUPRA X','NF 100 D3','ABU-ABU HITAM'),('AF3-BB',NULL,NULL,NULL,NULL,'SUPRA X','NF 100 D3','BLACK BLUE'),('AF3-BR',NULL,NULL,NULL,NULL,'SUPRA X','NF 100 D3','BLACK RED'),('AF3-MH',NULL,NULL,NULL,NULL,'SUPRA X','NF 100 D3','MERAH HITAM'),('AF4-BB',NULL,NULL,NULL,NULL,'SUPRA X','NF 100 D4','BLACK BLUE'),('AF4-BL',NULL,NULL,NULL,NULL,'SUPRA X','NF 100 D4','BLUE'),('AF4-BR',NULL,NULL,NULL,NULL,'SUPRA X','NF 100 D4','BLACK RED'),('AF4-HB',NULL,NULL,NULL,NULL,'SUPRA X','NF 100 D4','HITAM BIRU'),('AF4-SU',NULL,NULL,NULL,NULL,'SUPRA X','NF 100 D4','SILVER UNGU'),('AF5-BL',NULL,NULL,NULL,NULL,'SUPRA X','NF 100 D5','BLUE'),('AF5-BR',NULL,NULL,NULL,NULL,'SUPRA X','NF 100 D5','BLACK RED'),('AF5-HB',NULL,NULL,NULL,NULL,'SUPRA X','NF 100 D5','HITAM BIRU'),('AF5-HM',NULL,NULL,NULL,NULL,'SUPRA X','NF 100 D5','HITAM MERAH'),('AF5-HS',NULL,NULL,NULL,NULL,'SUPRA X','NF 100 D5','HITAM SILVER'),('AGA-BL',NULL,NULL,NULL,NULL,'SONIC','FS 125 CM','BLUE'),('AGA-RD',NULL,NULL,NULL,NULL,'SONIC','FS 125 CM','RED'),('AJ0-BK',NULL,NULL,NULL,NULL,'PHANTOM','TA 200','BLACK'),('AKG-BR',NULL,NULL,NULL,NULL,'TIGER SP','GL 200 SHG-SPG','BLACK RED'),('AKG-BY',NULL,NULL,NULL,NULL,'TIGER SP','GL 200 SHG-SPG','BLACK YELLOW'),('AKG-SV',NULL,NULL,NULL,NULL,'TIGER SP','GL 200 SHG-SPG','SILVER'),('AKH-BL',NULL,NULL,NULL,NULL,'TIGER SP','GL 200 SHG-SPH','BLUE'),('AKH-BR',NULL,NULL,NULL,NULL,'TIGER SP','GL 200 SHG-SPH','BLACK RED'),('AKH-BY',NULL,NULL,NULL,NULL,'TIGER SP','GL 200 SHG-SPH','BLACK YELLOW'),('AKH-SV',NULL,NULL,NULL,NULL,'TIGER SP','GL 200 SHG-SPH','SILVER'),('AKJ-BK',NULL,NULL,NULL,NULL,'TIGER SP','GL 200SHG7','BLACK'),('AKJ-BL',NULL,NULL,NULL,NULL,'TIGER SP','GL 200SHG7','BLUE'),('AKJ-RD',NULL,NULL,NULL,NULL,'TIGER SP','GL 200SHG7','RED'),('AL2-BK',NULL,NULL,NULL,NULL,'TIGER CAST WHEE','GL 200 CW2','BLACK'),('AL2-RD',NULL,NULL,NULL,NULL,'TIGER CAST WHEE','GL 200 CW2','RED'),('AL2-SV',NULL,NULL,NULL,NULL,'TIGER CAST WHEE','GL 200 CW2','SILVER'),('AL3-HS',NULL,NULL,NULL,NULL,'TIGER CAST WHEE','GL 200 CW3','HITAM SILVER'),('AL3-RD',NULL,NULL,NULL,NULL,'TIGER CAST WHEE','GL 200 CW3','RED'),('AL3-SV',NULL,NULL,NULL,NULL,'TIGER CAST WHEE','GL 200 CW3','SILVER'),('AL4-BK',NULL,NULL,NULL,NULL,'TIGER CAST WHEE','GL 200 CW4','BLACK'),('AL4-RD',NULL,NULL,NULL,NULL,'TIGER CAST WHEE','GL 200 CW4','RED'),('AL4-SV',NULL,NULL,NULL,NULL,'TIGER CAST WHEE','GL 200 CW4','SILVER'),('AL5-BB',NULL,NULL,NULL,NULL,'TIGER CAST WHEE','GL 200CW5','BLACK BLUE'),('AL5-BL',NULL,NULL,NULL,NULL,'TIGER CAST WHEE','GL 200CW5','BLUE'),('AL5-BR',NULL,NULL,NULL,NULL,'TIGER CAST WHEE','GL 200CW5','BLACK RED'),('AL5-RD',NULL,NULL,NULL,NULL,'TIGER CAST WHEE','GL 200CW5','RED'),('ATE-BS',NULL,NULL,NULL,NULL,'WIN FB','MCB FB E','BLACK SILVER'),('ATF-BK',NULL,NULL,NULL,NULL,'WIN','MCB F','BLACK'),('ATG-BK',NULL,NULL,NULL,NULL,'WIN FB','MCB FB G','BLACK'),('ATH-BG',NULL,NULL,NULL,NULL,'WIN','MCB H','BLACK VIOLET'),('ATH-BR',NULL,NULL,NULL,NULL,'WIN','MCB H','BLACK RED'),('ATH-BV',NULL,NULL,NULL,NULL,'WIN','MCB H','BLACK VIOLET'),('ATI-BK',NULL,NULL,NULL,NULL,'WIN FB','MCB FB I','BLACK'),('ATI-BR',NULL,NULL,NULL,NULL,'WIN FB','MCB FB I','BLACK RED'),('ATJ-BB',NULL,NULL,NULL,NULL,'WIN','MCB J','BLACK BLUE'),('ATJ-BR',NULL,NULL,NULL,NULL,'WIN','MCB J','BLACK RED'),('ATJ-BV',NULL,NULL,NULL,NULL,'WIN','MCB J','BLACK VIOLET'),('ATJ-BY',NULL,NULL,NULL,NULL,'WIN','MCB J','BLACK YELLOW'),('AU3-BR',NULL,NULL,NULL,NULL,'MEGA PRO','GL PRO 3','BLACK RED'),('AU3-BY',NULL,NULL,NULL,NULL,'MEGA PRO','GL PRO 3','BLACK YELLOW'),('AU3-SV',NULL,NULL,NULL,NULL,'MEGA PRO','GL PRO 3','SILVER'),('AU4-BG',NULL,NULL,NULL,NULL,'MEGA PRO','GL PRO 4','BLACK GREEN'),('AU4-BR',NULL,NULL,NULL,NULL,'MEGA PRO','GL PRO 4','BLACK RED'),('AU4-BS',NULL,NULL,NULL,NULL,'MEGA PRO','GL PRO 4','BLACK SILVER'),('AU4-SV',NULL,NULL,NULL,NULL,'MEGA PRO','GL PRO 4','SILVER'),('AU5-BG',NULL,NULL,NULL,NULL,'MEGA PRO','GL PROIIIC','BLACK GREEN'),('AU5-BR',NULL,NULL,NULL,NULL,'MEGA PRO','GL PROIIIC','BLACK RED'),('AU5-RD',NULL,NULL,NULL,NULL,'MEGA PRO','GL PROIIIC','RED'),('AV0-BK',NULL,NULL,NULL,NULL,'SUPRA V','NF 100 V','BLACK'),('AV1-BG',NULL,NULL,NULL,NULL,'SUPRA V','NF 100 V1','BLACK GREEN'),('AV1-BR',NULL,NULL,NULL,NULL,'SUPRA V','NF 100 V1','BLACK RED'),('AY0-HM',NULL,NULL,NULL,NULL,'SUPRA XX','NF 100 XX','HITAM MERAH'),('AY1-HB',NULL,NULL,NULL,NULL,'SUPRA XX','NF 100 XX1','HITAM BIRU'),('AY1-HM',NULL,NULL,NULL,NULL,'SUPRA XX','NF 100 XX1','HITAM MERAH'),('AY1-SU',NULL,NULL,NULL,NULL,'SUPRA XX','NF 100 XX1','SILVER UNGU'),('BA0-AH',NULL,NULL,NULL,NULL,'NICE','NICE','ABU HITAM'),('BD0-BG',NULL,NULL,NULL,NULL,'KIRANA','ND 125','BLACK GREEN'),('BD0-BR',NULL,NULL,NULL,NULL,'KIRANA','ND 125','BLACK RED'),('BD0-SV',NULL,NULL,NULL,NULL,'KIRANA','ND 125','SILVER'),('BD1-BK',NULL,NULL,NULL,NULL,'KIRANA','ND 125 1','BLACK'),('BD1-BL',NULL,NULL,NULL,NULL,'KIRANA','ND 125 1','BLUE'),('BD1-BR',NULL,NULL,NULL,NULL,'KIRANA','ND 125 1','BLACK RED'),('BD1-HS',NULL,NULL,NULL,NULL,'KIRANA','ND 125 1','HITAM SILVER'),('BE0-BG',NULL,NULL,NULL,NULL,'KARISMA','NF 125','BLACK GREEN'),('BE0-BL',NULL,NULL,NULL,NULL,'KARISMA','NF 125','BLUE'),('BE0-BR',NULL,NULL,NULL,NULL,'KARISMA','NF 125','BLACK RED'),('BE0-RD',NULL,NULL,NULL,NULL,'KARISMA','NF 125','RED'),('BE0-SV',NULL,NULL,NULL,NULL,'KARISMA','NF 125','SILVER'),('BE1-BK',NULL,NULL,NULL,NULL,'KARISMA','NF 125 1','BLACK'),('BE1-HM',NULL,NULL,NULL,NULL,'KARISMA','NF 125 1','HITAM MERAH'),('BE1-HS',NULL,NULL,NULL,NULL,'KARISMA','NF 125 1','HITAM SILVER'),('BE1-RD',NULL,NULL,NULL,NULL,'KARISMA','NF 125 1','RED'),('BE2-BK',NULL,NULL,NULL,NULL,'KARISMA','NF 125 2','BLACK'),('BE2-HB',NULL,NULL,NULL,NULL,'KARISMA','NF 125 2','HITAM BIRU'),('BE2-HO',NULL,NULL,NULL,NULL,'KARISMA','NF 125 2','HITAM ORANGE'),('BE2-HS',NULL,NULL,NULL,NULL,'KARISMA','NF 125 2','HITAM SILVER'),('BF0-BB',NULL,NULL,NULL,NULL,'KARISMA D','NF 125 D','BLACK BLUE'),('BF0-BL',NULL,NULL,NULL,NULL,'KARISMA D','NF 125 D','BLUE'),('BF0-BR',NULL,NULL,NULL,NULL,'KARISMA D','NF 125 D','BLACK RED'),('BF0-HM',NULL,NULL,NULL,NULL,'KARISMA D','NF 125 D','HITAM MERAH'),('BF0-HS',NULL,NULL,NULL,NULL,'KARISMA D','NF 125 D','HITAM SILVER'),('BF0-MP',NULL,NULL,NULL,NULL,'KARISMA D','NF 125 D','MERAH PUTIH'),('BF0-SU',NULL,NULL,NULL,NULL,'KARISMA D','NF 125 D','SILVER UNGU'),('BF1-BK',NULL,NULL,NULL,NULL,'KARISMA D','NF 125 D1','BLACK'),('BF1-BL',NULL,NULL,NULL,NULL,'KARISMA D','NF 125 D1','BLUE'),('BF1-HB',NULL,NULL,NULL,NULL,'KARISMA D','NF 125 D1','HITAM BIRU'),('BF1-HM',NULL,NULL,NULL,NULL,'KARISMA D','NF 125 D1','HITAM MERAH'),('BF1-HX',NULL,NULL,NULL,NULL,'KARISMA D','NF 125 D1','HITAM SILVER'),('BF1-HZ',NULL,NULL,NULL,NULL,'KARISMA D','NF 125 D1','HITAM SILVER'),('BF1-SO',NULL,NULL,NULL,NULL,'KARISMA D','NF 125 D1','SILVER ORANGE'),('BF2-BL',NULL,NULL,NULL,NULL,'KARISMA D','NF 125 D2','BLUE'),('BF2-BR',NULL,NULL,NULL,NULL,'KARISMA D','NF 125 D2','BLACK RED'),('BF2-BV',NULL,NULL,NULL,NULL,'KARISMA D','NF 125 D2','BLACK VIOLET'),('BF2-PM',NULL,NULL,NULL,NULL,'KARISMA D','NF 125 D2','PUTIH MERAH'),('BF2-SB',NULL,NULL,NULL,NULL,'KARISMA D','NF 125 D2','SILVER BIRU'),('BF2-SH',NULL,NULL,NULL,NULL,'KARISMA D','NF 125 D2','SILVER HITAM'),('BF2-SV',NULL,NULL,NULL,NULL,'KARISMA D','NF 125 D2','SILVER'),('BF3-BE',NULL,NULL,NULL,NULL,'KARISMA D','NF 125 D3','BLACK GREY'),('BF3-BR',NULL,NULL,NULL,NULL,'KARISMA D','NF 125 D3','BLACK RED'),('BF3-SB',NULL,NULL,NULL,NULL,'KARISMA D','NF 125 D3','SILVER BIRU'),('BF3-SH',NULL,NULL,NULL,NULL,'KARISMA D','NF 125 D3','SILVER HITAM'),('BM0-BK',NULL,NULL,NULL,NULL,'SUPRA FIT D','NF 100 LD','BLACK'),('BM0-BL',NULL,NULL,NULL,NULL,'SUPRA FIT D','NF 100 LD','BLUE'),('BM0-HB',NULL,NULL,NULL,NULL,'SUPRA FIT D','NF 100 LD','HITAM BIRU'),('BM0-HS',NULL,NULL,NULL,NULL,'SUPRA FIT D','NF 100 LD','HITAM SILVER'),('BM0-RD',NULL,NULL,NULL,NULL,'SUPRA FIT D','NF 100 LD','RED'),('BM1-BG',NULL,NULL,NULL,NULL,'SUPRA FIT D','NF 100 LD1','BLACK GREEN'),('BM1-BL',NULL,NULL,NULL,NULL,'SUPRA FIT D','NF 100 LD1','BLUE'),('BM1-BY',NULL,NULL,NULL,NULL,'SUPRA FIT D','NF 100 LD1','BLACK YELLOW'),('BM1-HB',NULL,NULL,NULL,NULL,'SUPRA FIT D','NF 100 LD1','HITAM BIRU'),('BM1-HM',NULL,NULL,NULL,NULL,'SUPRA FIT D','NF 100 LD1','HITAM MERAH'),('BM1-HO',NULL,NULL,NULL,NULL,'SUPRA FIT D','NF 100 LD1','HITAM ORANGE'),('BM1-HS',NULL,NULL,NULL,NULL,'SUPRA FIT D','NF 100 LD1','HITAM SILVER'),('BN0-BG',NULL,NULL,NULL,NULL,'SUPRA FIT','NF 100 L','BLACK GREEN'),('BN0-BL',NULL,NULL,NULL,NULL,'SUPRA FIT','NF 100 L','BLUE'),('BN0-BR',NULL,NULL,NULL,NULL,'SUPRA FIT','NF 100 L','BLACK RED'),('BN0-HB',NULL,NULL,NULL,NULL,'SUPRA FIT','NF 100 L','HITAM BIRU'),('BN0-HM',NULL,NULL,NULL,NULL,'SUPRA FIT','NF 100 L','HITAM MERAH'),('BN0-HS',NULL,NULL,NULL,NULL,'SUPRA FIT','NF 100 L','HITAM SILVER'),('BN1-BG',NULL,NULL,NULL,NULL,'SUPRA FIT','NF 100 L1','BLACK GREEN'),('BN1-BL',NULL,NULL,NULL,NULL,'SUPRA FIT','NF 100 L1','BLUE'),('BN1-BO',NULL,NULL,NULL,NULL,'SUPRA FIT','NF 100 L1','BLACK ORANGE'),('BN1-HM',NULL,NULL,NULL,NULL,'SUPRA FIT','NF 100 L1','HITAM MERAH'),('BN1-HS',NULL,NULL,NULL,NULL,'SUPRA FIT','NF 100 L1','HITAM SILVER'),('BP0-BK',NULL,NULL,NULL,NULL,'SUPRA X 125 DRU','NF 125 S','BLACK'),('BP0-HM',NULL,NULL,NULL,NULL,'SUPRA X 125 DRU','NF 125 S','HITAM MERAH'),('BP0-LS',NULL,NULL,NULL,NULL,'SUPRA X 125 DRU','NF 125 S','BIRU SILVER'),('BR0-BR',NULL,NULL,NULL,NULL,'SUPRA X 125 DIS','NF 125 SD','BLACK RED'),('BR0-BS',NULL,NULL,NULL,NULL,'SUPRA X 125 DIS','NF 125 SD','BLACK SILVER'),('BR0-HS',NULL,NULL,NULL,NULL,'SUPRA X 125 DIS','NF 125 SD','HITAM SILVER'),('BR0-PB',NULL,NULL,NULL,NULL,'SUPRA X 125 DIS','NF 125 SD','PUTIH BIRU'),('BR0-PM',NULL,NULL,NULL,NULL,'SUPRA X 125 DIS','NF 125 SD','PUTIH MERAH'),('BR1-BG',NULL,NULL,NULL,NULL,'SUPRA X 125 DIS','NF 125 SD1','BLACK GREEN'),('BR1-BR',NULL,NULL,NULL,NULL,'SUPRA X 125 DIS','NF 125 SD1','BLACK RED'),('BR1-HB',NULL,NULL,NULL,NULL,'SUPRA X 125 DIS','NF 125 SD1','HITAM BIRU'),('BR1-HM',NULL,NULL,NULL,NULL,'SUPRA X 125 DIS','NF 125 SD1','HITAM MERAH'),('BR1-HS',NULL,NULL,NULL,NULL,'SUPRA X 125 DIS','NF 125 SD1','HITAM SILVER'),('BR1-RD',NULL,NULL,NULL,NULL,'SUPRA X 125 DIS','NF 125 SD1','RED'),('BS0-BM',NULL,NULL,NULL,NULL,'SUPRA X 125-R','NF 125 SC','BIRU MERAH'),('BS0-HM',NULL,NULL,NULL,NULL,'SUPRA X 125-R','NF 125 SC','HITAM MERAH'),('BS0-HP',NULL,NULL,NULL,NULL,'SUPRA X 125-R','NF 125 SC','HITAM PUTIH'),('BS1-HB',NULL,NULL,NULL,NULL,'SUPRA X 125-R','NF 125 SC1','HITAM BIRU'),('BS1-HM',NULL,NULL,NULL,NULL,'SUPRA X 125-R','NF 125 SC1','HITAM MERAH'),('BS1-HO',NULL,NULL,NULL,NULL,'SUPRA X 125-R','NF 125 SC1','HITAM ORANGE'),('BU0-BL',NULL,NULL,NULL,NULL,'MEGA PRO CAST W','GL PROIIICW','BLUE'),('BU0-BR',NULL,NULL,NULL,NULL,'MEGA PRO CAST W','GL PROIIICW','BLACK RED'),('BU0-BS',NULL,NULL,NULL,NULL,'MEGA PRO CAST W','GL PROIIICW','BLACK SILVER'),('BV0-BB',NULL,NULL,NULL,NULL,'SUPRA FIT TROMO','NF 100 SL','BLACK BLUE'),('BV0-BK',NULL,NULL,NULL,NULL,'SUPRA FIT TROMO','NF 100 SL','BLACK'),('BV0-BR',NULL,NULL,NULL,NULL,'SUPRA FIT TROMO','NF 100 SL','BLACK RED'),('BV0-HB',NULL,NULL,NULL,NULL,'SUPRA FIT TROMO','NF 100 SL','HITAM BIRU'),('BV0-HS',NULL,NULL,NULL,NULL,'SUPRA FIT TROMO','NF 100 SL','HITAM SILVER'),('BV1-BP',NULL,NULL,NULL,NULL,'SUPRA FIT TROMO','NF 100 SL1','BIRU PUTIH'),('BV1-BR',NULL,NULL,NULL,NULL,'SUPRA FIT TROMO','NF 100 SL1','BLACK RED'),('BV1-MP',NULL,NULL,NULL,NULL,'SUPRA FIT TROMO','NF 100 SL1','MERAH PUTIH'),('BV2-HB',NULL,NULL,NULL,NULL,'SUPRA FIT TROMO','NF 100 SLF','HITAM BIRU'),('BV2-HH',NULL,NULL,NULL,NULL,'SUPRA FIT TROMO','NF 100 SLF','HITAM-HIJAU'),('BV2-HM',NULL,NULL,NULL,NULL,'SUPRA FIT TROMO','NF 100 SLF','HITAM MERAH'),('BV2-HO',NULL,NULL,NULL,NULL,'SUPRA FIT TROMO','NF 100 SLF','HITAM ORANGE'),('BV2-HS',NULL,NULL,NULL,NULL,'SUPRA FIT TROMO','NF 100 SLF','HITAM SILVER'),('BV2-WH',NULL,NULL,NULL,NULL,'SUPRA FIT TROMO','NF 100 SLF','WHITE'),('BV2-XB',NULL,NULL,NULL,NULL,'SUPRA FIT TROMO','NF 100 SLF','HITAM - BIRU'),('BV2-XH',NULL,NULL,NULL,NULL,'SUPRA FIT TROMO','NF 100 SLF','HITAM - HIJAU'),('BV2-XM',NULL,NULL,NULL,NULL,'SUPRA FIT TROMO','NF 100 SLF','HITAM - MERAH'),('BV2-XO',NULL,NULL,NULL,NULL,'SUPRA FIT TROMO','NF 100 SLF','HITAM - ORANGE'),('BV2-XS',NULL,NULL,NULL,NULL,'SUPRA FIT TROMO','NF 100 SLF','HITAM - SILVER'),('BV3-BL',NULL,NULL,NULL,NULL,'SUPRA FIT TROMO','NF100 SLF1','BLUE'),('BV3-HB',NULL,NULL,NULL,NULL,'SUPRA FIT TROMO','NF100 SLF1','HITAM BIRU'),('BV3-HH',NULL,NULL,NULL,NULL,'SUPRA FIT TROMO','NF100 SLF1','HITAM-HIJAU'),('BV3-HM',NULL,NULL,NULL,NULL,'SUPRA FIT TROMO','NF100 SLF1','HITAM MERAH'),('BV3-HO',NULL,NULL,NULL,NULL,'SUPRA FIT TROMO','NF100 SLF1','HITAM ORANGE'),('BV3-HS',NULL,NULL,NULL,NULL,'SUPRA FIT TROMO','NF100 SLF1','HITAM SILVER'),('BV3-XB',NULL,NULL,NULL,NULL,'SUPRA FIT TROMO','NF100 SLF1','HITAM - BIRU'),('BV3-XH',NULL,NULL,NULL,NULL,'SUPRA FIT TROMO','NF100 SLF1','HITAM - HIJAU'),('BV3-XM',NULL,NULL,NULL,NULL,'SUPRA FIT TROMO','NF100 SLF1','HITAM - MERAH'),('BV3-XO',NULL,NULL,NULL,NULL,'SUPRA FIT TROMO','NF100 SLF1','HITAM - ORANGE'),('BV3-XS',NULL,NULL,NULL,NULL,'SUPRA FIT TROMO','NF100 SLF1','HITAM - SILVER'),('BW0-BB',NULL,NULL,NULL,NULL,'SUPRA FIT DISKB','NF 100 SLD','BLACK BLUE'),('BW0-BK',NULL,NULL,NULL,NULL,'SUPRA FIT DISKB','NF 100 SLD','BLACK'),('BW0-BR',NULL,NULL,NULL,NULL,'SUPRA FIT DISKB','NF 100 SLD','BLACK RED'),('BW0-HB',NULL,NULL,NULL,NULL,'SUPRA FIT DISKB','NF 100 SLD','HITAM BIRU'),('BW0-HM',NULL,NULL,NULL,NULL,'SUPRA FIT DISKB','NF 100 SLD','HITAM MERAH'),('BW0-HS',NULL,NULL,NULL,NULL,'SUPRA FIT DISKB','NF 100 SLD','HITAM SILVER'),('BW1-BR',NULL,NULL,NULL,NULL,'SUPRA FIT DISKB','NF 100SLD1','BLACK RED'),('BW1-BY',NULL,NULL,NULL,NULL,'SUPRA FIT DISKB','NF 100SLD1','BLACK YELLOW'),('BW1-LS',NULL,NULL,NULL,NULL,'SUPRA FIT DISKB','NF 100SLD1','BIRU SILVER'),('BW1-MS',NULL,NULL,NULL,NULL,'SUPRA FIT DISKB','NF 100SLD1','MERAH SILVER'),('BW1-OH',NULL,NULL,NULL,NULL,'SUPRA FIT DISKB','NF 100SLD1','ORANGE HITAM'),('BX0-BB',NULL,NULL,NULL,NULL,'SUPRA X 125 PGM','NF 125 SF','BLACK BLUE'),('BX0-BO',NULL,NULL,NULL,NULL,'SUPRA X 125 PGM','NF 125 SF','BLACK ORANGE'),('BX1-HA',NULL,NULL,NULL,NULL,'SUPRA X 125 PGM','NF 125 SF1','HITAM-ABU ABU'),('BX1-HM',NULL,NULL,NULL,NULL,'SUPRA X 125 PGM','NF 125 SF1','HITAM MERAH'),('BY0-BP',NULL,NULL,NULL,NULL,'SUPRA X 125 PGM','NF 125 SFC','BIRU PUTIH'),('BY0-OP',NULL,NULL,NULL,NULL,'SUPRA X 125 PGM','NF 125 SFC','ORANGE PUTIH'),('BY0-PA',NULL,NULL,NULL,NULL,'SUPRA X 125 PGM','NF 125 SFC','PUTIH ABU-ABU'),('BY1-HB',NULL,NULL,NULL,NULL,'SUPRA X 125 PGM','NF 125SFC1','HITAM BIRU'),('BY1-HO',NULL,NULL,NULL,NULL,'SUPRA X 125 PGM','NF 125SFC1','HITAM ORANGE'),('BY1-HS',NULL,NULL,NULL,NULL,'SUPRA X 125 PGM','NF 125SFC1','HITAM SILVER'),('CA0-BL',NULL,NULL,NULL,NULL,'SUPRA FIT R','NF 100 SLC','BLUE'),('CA0-PB',NULL,NULL,NULL,NULL,'SUPRA FIT R','NF 100 SLC','PUTIH BIRU'),('CA0-PM',NULL,NULL,NULL,NULL,'SUPRA FIT R','NF 100 SLC','PUTIH MERAH'),('CA0-SV',NULL,NULL,NULL,NULL,'SUPRA FIT R','NF 100 SLC','SILVER'),('CA0-SX',NULL,NULL,NULL,NULL,'SUPRA FIT R','NF 100 SLC','SILVER AXIS GR.'),('CA1-BL',NULL,NULL,NULL,NULL,'SUPRA FIT R','NF 100SLC1','BLUE'),('CA1-PB',NULL,NULL,NULL,NULL,'SUPRA FIT R','NF 100SLC1','PUTIH BIRU'),('CA1-PM',NULL,NULL,NULL,NULL,'SUPRA FIT R','NF 100SLC1','PUTIH MERAH'),('CA1-SV',NULL,NULL,NULL,NULL,'SUPRA FIT R','NF 100SLC1','SILVER'),('CA1-SX',NULL,NULL,NULL,NULL,'SUPRA FIT R','NF 100SLC1','SILVER AXIS GR.'),('CAA-HB',NULL,NULL,NULL,NULL,'SUPRA FIT R','NF 100SLCX','HITAM BIRU'),('CAA-HM',NULL,NULL,NULL,NULL,'SUPRA FIT R','NF 100SLCX','HITAM MERAH'),('CAA-HO',NULL,NULL,NULL,NULL,'SUPRA FIT R','NF 100SLCX','HITAM ORANGE'),('CAA-HP',NULL,NULL,NULL,NULL,'SUPRA FIT R','NF 100SLCX','HITAM PUTIH'),('CB0-HB',NULL,NULL,NULL,NULL,'VARIO SPOKE WHE','NC 110 D','HITAM BIRU'),('CB0-HC',NULL,NULL,NULL,NULL,'VARIO SPOKE WHE','NC 110 D','HITAM-PUTIHBIRU'),('CB0-HD',NULL,NULL,NULL,NULL,'VARIO SPOKE WHE','NC 110 D','HITAM-PUTIHPINK'),('CB0-HM',NULL,NULL,NULL,NULL,'VARIO SPOKE WHE','NC 110 D','HITAM MERAH'),('CB0-HS',NULL,NULL,NULL,NULL,'VARIO SPOKE WHE','NC 110 D','HITAM SILVER'),('CB0-XE',NULL,NULL,NULL,NULL,'VARIO SPOKE WHE','NC 110 D','HITAM - PINK'),('CB0-XM',NULL,NULL,NULL,NULL,'VARIO SPOKE WHE','NC 110 D','HITAM - MERAH'),('CB1-BK',NULL,NULL,NULL,NULL,'VARIO SPOKE WHE','NC 110 D1','BLACK'),('CB1-BL',NULL,NULL,NULL,NULL,'VARIO SPOKE WHE','NC 110 D1','BLUE'),('CB1-NK',NULL,NULL,NULL,NULL,'VARIO SPOKE WHE','NC 110 D1','PINK'),('CB1-RD',NULL,NULL,NULL,NULL,'VARIO SPOKE WHE','NC 110 D1','RED'),('CB1-WG',NULL,NULL,NULL,NULL,'VARIO SPOKE WHE','NC 110 D1','WHITE GREEN'),('CB1-WP',NULL,NULL,NULL,NULL,'VARIO SPOKE WHE','NC 110 D1','WHITE PINK'),('CC0-HB',NULL,NULL,NULL,NULL,'VARIO CAST WHEE','NC 110 CW','HITAM BIRU'),('CC0-HE',NULL,NULL,NULL,NULL,'VARIO CAST WHEE','NC 110 CW','HITAM-PINK'),('CC0-HH',NULL,NULL,NULL,NULL,'VARIO CAST WHEE','NC 110 CW','HITAM-HIJAU'),('CC0-HM',NULL,NULL,NULL,NULL,'VARIO CAST WHEE','NC 110 CW','HITAM MERAH'),('CC0-HP',NULL,NULL,NULL,NULL,'VARIO CAST WHEE','NC 110 CW','HITAM PUTIH'),('CC1-BK',NULL,NULL,NULL,NULL,'VARIO CAST WHEE','NC 110 CW1','BLACK'),('CC1-BL',NULL,NULL,NULL,NULL,'VARIO CAST WHEE','NC 110 CW1','BLUE'),('CC1-NK',NULL,NULL,NULL,NULL,'VARIO CAST WHEE','NC 110 CW1','PINK'),('CC1-RD',NULL,NULL,NULL,NULL,'VARIO CAST WHEE','NC 110 CW1','RED'),('CC1-WG',NULL,NULL,NULL,NULL,'VARIO CAST WHEE','NC 110 CW1','WHITE GREEN'),('CC1-WP',NULL,NULL,NULL,NULL,'VARIO CAST WHEE','NC 110 CW1','WHITE PINK'),('CC2-99',NULL,NULL,NULL,NULL,'VARIO CAST WHEE','NC110CW2A/T','BLACK NO STRIPE'),('CC2-BK',NULL,NULL,NULL,NULL,'VARIO CAST WHEE','NC110CW2A/T','BLACK'),('CC2-MH',NULL,NULL,NULL,NULL,'VARIO CAST WHEE','NC110CW2A/T','MERAH HITAM'),('CC2-PH',NULL,NULL,NULL,NULL,'VARIO CAST WHEE','NC110CW2A/T','PUTIH HITAM'),('CC2-PP',NULL,NULL,NULL,NULL,'VARIO CAST WHEE','NC110CW2A/T','PINK PUTIH'),('CD0-AM',NULL,NULL,NULL,NULL,'SUPRA X  DOUBLE','NF 125 DD','ABUABU-HITAM RD'),('CD0-HY',NULL,NULL,NULL,NULL,'SUPRA X  DOUBLE','NF 125 DD','HITAM-SILVER YL'),('CD0-HZ',NULL,NULL,NULL,NULL,'SUPRA X  DOUBLE','NF 125 DD','HITAM-SILVER BL'),('CE0-95',NULL,NULL,NULL,NULL,'REVO DISK BRAKE','NF 100 TD','PUTIH NO STRIPE'),('CE0-AS',NULL,NULL,NULL,NULL,'REVO DISK BRAKE','NF 100 TD','ABU ABU SILVER'),('CE0-BK',NULL,NULL,NULL,NULL,'REVO DISK BRAKE','NF 100 TD','BLACK'),('CE0-BP',NULL,NULL,NULL,NULL,'REVO DISK BRAKE','NF 100 TD','BIRU PUTIH'),('CE0-MA',NULL,NULL,NULL,NULL,'REVO DISK BRAKE','NF 100 TD','MERAH ABU-ABU'),('CE0-OS',NULL,NULL,NULL,NULL,'REVO DISK BRAKE','NF 100 TD','ORANGE SILVER'),('CE1-99',NULL,NULL,NULL,NULL,'REVO DISK BRAKE','NF 100 TD1','BLACK NO STRIPE'),('CE1-BK',NULL,NULL,NULL,NULL,'REVO DISK BRAKE','NF 100 TD1','BLACK'),('CE1-BL',NULL,NULL,NULL,NULL,'REVO DISK BRAKE','NF 100 TD1','BLUE'),('CE1-RD',NULL,NULL,NULL,NULL,'REVO DISK BRAKE','NF 100 TD1','RED'),('CE1-SV',NULL,NULL,NULL,NULL,'REVO DISK BRAKE','NF 100 TD1','SILVER'),('CE1-WH',NULL,NULL,NULL,NULL,'REVO DISK BRAKE','NF 100 TD1','WHITE'),('CE1-YL',NULL,NULL,NULL,NULL,'REVO DISK BRAKE','NF 100 TD1','YELLOW'),('CF0-BK',NULL,NULL,NULL,NULL,'REVO CAST WHEEL','NF 100 TC','BLACK'),('CF0-BL',NULL,NULL,NULL,NULL,'REVO CAST WHEEL','NF 100 TC','BLUE'),('CF0-RD',NULL,NULL,NULL,NULL,'REVO CAST WHEEL','NF 100 TC','RED'),('CF0-SV',NULL,NULL,NULL,NULL,'REVO CAST WHEEL','NF 100 TC','SILVER'),('CF0-WH',NULL,NULL,NULL,NULL,'REVO CAST WHEEL','NF 100 TC','WHITE'),('CF0-YL',NULL,NULL,NULL,NULL,'REVO CAST WHEEL','NF 100 TC','YELLOW'),('CF1-99',NULL,NULL,NULL,NULL,'REVO CAST WHEEL','NF 100 TC1','BLACK NO STRIPE'),('CF1-BK',NULL,NULL,NULL,NULL,'REVO CAST WHEEL','NF 100 TC1','BLACK'),('CF1-BL',NULL,NULL,NULL,NULL,'REVO CAST WHEEL','NF 100 TC1','BLUE'),('CF1-RD',NULL,NULL,NULL,NULL,'REVO CAST WHEEL','NF 100 TC1','RED'),('CF1-SV',NULL,NULL,NULL,NULL,'REVO CAST WHEEL','NF 100 TC1','SILVER'),('CF1-WH',NULL,NULL,NULL,NULL,'REVO CAST WHEEL','NF 100 TC1','WHITE'),('CF1-YL',NULL,NULL,NULL,NULL,'REVO CAST WHEEL','NF 100 TC1','YELLOW'),('CG0-99',NULL,NULL,NULL,NULL,'SUPRA X 125 DIS','NF 125 TD','BLACK NO STRIPE'),('CG0-BL',NULL,NULL,NULL,NULL,'SUPRA X 125 DIS','NF 125 TD','BLUE'),('CG0-HB',NULL,NULL,NULL,NULL,'SUPRA X 125 DIS','NF 125 TD','HITAM BIRU'),('CG0-HK',NULL,NULL,NULL,NULL,'SUPRA X 125 DIS','NF 125 TD','HITAM - KUNING'),('CG0-HM',NULL,NULL,NULL,NULL,'SUPRA X 125 DIS','NF 125 TD','HITAM MERAH'),('CG0-HP',NULL,NULL,NULL,NULL,'SUPRA X 125 DIS','NF 125 TD','HITAM PUTIH'),('CG0-HS',NULL,NULL,NULL,NULL,'SUPRA X 125 DIS','NF 125 TD','HITAM SILVER'),('CG1-AH',NULL,NULL,NULL,NULL,'SUPRA X 125 DIS','NF 125 TD1','ABU2 HITAM'),('CG1-BL',NULL,NULL,NULL,NULL,'SUPRA X 125 DIS','NF 125 TD1','BLUE'),('CG1-BQ',NULL,NULL,NULL,NULL,'SUPRA X 125 DIS','NF 125 TD1','BLUE'),('CG1-KH',NULL,NULL,NULL,NULL,'SUPRA X 125 DIS','NF 125 TD1','KUNING HITAM'),('CG1-MH',NULL,NULL,NULL,NULL,'SUPRA X 125 DIS','NF 125 TD1','MERAH HITAM'),('CG1-PH',NULL,NULL,NULL,NULL,'SUPRA X 125 DIS','NF 125 TD1','PUTIH HITAM'),('CG2-96',NULL,NULL,NULL,NULL,'SUPRA X 125 DIS','NF 125 TD2','BLUE NO STRIPE'),('CG2-BB',NULL,NULL,NULL,NULL,'SUPRA X 125 DIS','NF 125 TD2','BLACK BLUE'),('CG2-BG',NULL,NULL,NULL,NULL,'SUPRA X 125 DIS','NF 125 TD2','BLACK GREEN'),('CG2-BR',NULL,NULL,NULL,NULL,'SUPRA X 125 DIS','NF 125 TD2','BLACK RED'),('CG2-OR',NULL,NULL,NULL,NULL,'SUPRA X 125 DIS','NF 125 TD2','ORANGE'),('CG3-99',NULL,NULL,NULL,NULL,'SUPRA X 125 DIS','NF125TD3 M/T','BLACK NO STRIPE'),('CG3-BB',NULL,NULL,NULL,NULL,'SUPRA X 125 DIS','NF125TD3 M/T','BLACK BLUE'),('CG3-BG',NULL,NULL,NULL,NULL,'SUPRA X 125 DIS','NF125TD3 M/T','BLACK GREEN'),('CG3-BR',NULL,NULL,NULL,NULL,'SUPRA X 125 DIS','NF125TD3 M/T','BLACK RED'),('CG3-OR',NULL,NULL,NULL,NULL,'SUPRA X 125 DIS','NF125TD3 M/T','ORANGE'),('CG4-BB',NULL,NULL,NULL,NULL,'SUPRA X 125 DIS','NF125TD4 M/T','BLACK BLUE'),('CG4-BG',NULL,NULL,NULL,NULL,'SUPRA X 125 DIS','NF125TD4 M/T','BLACK GREEN'),('CG4-BR',NULL,NULL,NULL,NULL,'SUPRA X 125 DIS','NF125TD4 M/T','BLACK RED'),('CG5-BB',NULL,NULL,NULL,NULL,'SUPRA X 125 DIS','NF125TD5 M/T','BLACK BLUE'),('CG5-BR',NULL,NULL,NULL,NULL,'SUPRA X 125 DIS','NF125TD5 M/T','BLACK RED'),('CG5-BS',NULL,NULL,NULL,NULL,'SUPRA X 125 DIS','NF125TD5 M/T','BLACK SILVER'),('CH0-99',NULL,NULL,NULL,NULL,'SUPRA X 125 R D','NF 125 TR','BLACK NO STRIPE'),('CH0-BE',NULL,NULL,NULL,NULL,'SUPRA X 125 R D','NF 125 TR','BLACK GREY'),('CH0-BL',NULL,NULL,NULL,NULL,'SUPRA X 125 R D','NF 125 TR','BLUE'),('CH0-BQ',NULL,NULL,NULL,NULL,'SUPRA X 125 R D','NF 125 TR','BLUE'),('CH0-HK',NULL,NULL,NULL,NULL,'SUPRA X 125 R D','NF 125 TR','HITAM - KUNING'),('CH0-HM',NULL,NULL,NULL,NULL,'SUPRA X 125 R D','NF 125 TR','HITAM MERAH'),('CH0-HP',NULL,NULL,NULL,NULL,'SUPRA X 125 R D','NF 125 TR','HITAM PUTIH'),('CH0-HR',NULL,NULL,NULL,NULL,'SUPRA X 125 R D','NF 125 TR','HITAM - BIRU OR'),('CH0-HU',NULL,NULL,NULL,NULL,'SUPRA X 125 R D','NF 125 TR','HITAM - BIRU PU'),('CH1-96',NULL,NULL,NULL,NULL,'SUPRA X 125 R D','NF 125 TR1','BLUE NO STRIPE'),('CH1-BE',NULL,NULL,NULL,NULL,'SUPRA X 125 R D','NF 125 TR1','BLACK GREY'),('CH1-HG',NULL,NULL,NULL,NULL,'SUPRA X 125 R D','NF 125 TR1','HITAM PUTIH RD'),('CH1-HJ',NULL,NULL,NULL,NULL,'SUPRA X 125 R D','NF 125 TR1','HITAM MERAH SV'),('CH1-HL',NULL,NULL,NULL,NULL,'SUPRA X 125 R D','NF 125 TR1','HITAM KUNING SV'),('CH1-HZ',NULL,NULL,NULL,NULL,'SUPRA X 125 R D','NF 125 TR1','HITAM-SILVER BL'),('CH2-96',NULL,NULL,NULL,NULL,'SUPRA X 125 R D','NF 125 TR2','BLUE NO STRIPE'),('CH2-BR',NULL,NULL,NULL,NULL,'SUPRA X 125 R D','NF 125 TR2','BLACK RED'),('CH2-PJ',NULL,NULL,NULL,NULL,'SUPRA X 125 R D','NF 125 TR2','PUTIH HIJAU'),('CH2-PM',NULL,NULL,NULL,NULL,'SUPRA X 125 R D','NF 125 TR2','PUTIH MERAH'),('CH2-SB',NULL,NULL,NULL,NULL,'SUPRA X 125 R D','NF 125 TR2','SILVER BIRU'),('CH3-95',NULL,NULL,NULL,NULL,'SUPRA X 125 R D','NF125TR3 M/T','PUTIH NO STRIPE'),('CH3-99',NULL,NULL,NULL,NULL,'SUPRA X 125 R D','NF125TR3 M/T','BLACK NO STRIPE'),('CH3-BK',NULL,NULL,NULL,NULL,'SUPRA X 125 R D','NF125TR3 M/T','BLACK'),('CH3-HA',NULL,NULL,NULL,NULL,'SUPRA X 125 R D','NF125TR3 M/T','HITAM-ABU ABU'),('CH3-MH',NULL,NULL,NULL,NULL,'SUPRA X 125 R D','NF125TR3 M/T','MERAH HITAM'),('CH3-VH',NULL,NULL,NULL,NULL,'SUPRA X 125 R D','NF125TR3 M/T','VIOLET HITAM'),('CH4-BB',NULL,NULL,NULL,NULL,'SUPRA X 125 R D','NF125TR4 M/T','BLACK BLUE'),('CH4-BG',NULL,NULL,NULL,NULL,'SUPRA X 125 R D','NF125TR4 M/T','BLACK GREEN'),('CH4-BR',NULL,NULL,NULL,NULL,'SUPRA X 125 R D','NF125TR4 M/T','BLACK RED'),('CH4-BV',NULL,NULL,NULL,NULL,'SUPRA X 125 R D','NF125TR4 M/T','BLACK VIOLET'),('CH5-95',NULL,NULL,NULL,NULL,'SUPRA X 125 R D','NF125TR5 M/T','PUTIH NO STRIPE'),('CH5-BB',NULL,NULL,NULL,NULL,'SUPRA X 125 R D','NF125TR5 M/T','BLACK BLUE'),('CH5-BG',NULL,NULL,NULL,NULL,'SUPRA X 125 R D','NF125TR5 M/T','BLACK GREEN'),('CH5-BR',NULL,NULL,NULL,NULL,'SUPRA X 125 R D','NF125TR5 M/T','BLACK RED'),('CH5-BS',NULL,NULL,NULL,NULL,'SUPRA X 125 R D','NF125TR5 M/T','BLACK SILVER'),('CJ0-99',NULL,NULL,NULL,NULL,'SUPRA X 125 PGM','NF 125 TRF','BLACK NO STRIPE'),('CJ0-BL',NULL,NULL,NULL,NULL,'SUPRA X 125 PGM','NF 125 TRF','BLUE'),('CJ0-CP',NULL,NULL,NULL,NULL,'SUPRA X 125 PGM','NF 125 TRF','CHROME PLATING'),('CJ0-HF',NULL,NULL,NULL,NULL,'SUPRA X 125 PGM','NF 125 TRF','HITAM - COKLAT'),('CJ0-HS',NULL,NULL,NULL,NULL,'SUPRA X 125 PGM','NF 125 TRF','HITAM SILVER'),('CJ0-MS',NULL,NULL,NULL,NULL,'SUPRA X 125 PGM','NF 125 TRF','MERAH SILVER'),('CJ1-96',NULL,NULL,NULL,NULL,'SUPRA X 125 PGM','NF 125 TRF1','BLUE NO STRIPE'),('CJ1-AC',NULL,NULL,NULL,NULL,'SUPRA X 125 PGM','NF 125 TRF1','ABU-ABU COKLAT'),('CJ1-AR',NULL,NULL,NULL,NULL,'SUPRA X 125 PGM','NF 125 TRF1','ABU-ABU MERAH'),('CJ1-BK',NULL,NULL,NULL,NULL,'SUPRA X 125 PGM','NF 125 TRF1','BLACK'),('CJ1-HB',NULL,NULL,NULL,NULL,'SUPRA X 125 PGM','NF 125 TRF1','HITAM BIRU'),('CJ2-HA',NULL,NULL,NULL,NULL,'SUPRA X 125 PGM','NF 125 TRF2','HITAM-ABU ABU'),('CJ2-MH',NULL,NULL,NULL,NULL,'SUPRA X 125 PGM','NF 125 TRF2','MERAH HITAM'),('CJ2-VS',NULL,NULL,NULL,NULL,'SUPRA X 125 PGM','NF 125 TRF2','VIOLET - SILVER'),('CK0-BK',NULL,NULL,NULL,NULL,'SUPRA FIT X','NF 100 SE','BLACK'),('CK0-HS',NULL,NULL,NULL,NULL,'SUPRA FIT X','NF 100 SE','HITAM SILVER'),('CK0-OR',NULL,NULL,NULL,NULL,'SUPRA FIT X','NF 100 SE','ORANGE'),('CK0-SK',NULL,NULL,NULL,NULL,'SUPRA FIT X','NF 100 SE','SILVER KUNING'),('CK0-SM',NULL,NULL,NULL,NULL,'SUPRA FIT X','NF 100 SE','SILVER MERAH'),('CL0-99',NULL,NULL,NULL,NULL,'CS1','CS12A1RR','BLACK NO STRIPE'),('CL0-AG',NULL,NULL,NULL,NULL,'CS1','CS12A1RR','ARMY GREEN'),('CL0-BK',NULL,NULL,NULL,NULL,'CS1','CS12A1RR','BLACK'),('CL0-DK',NULL,NULL,NULL,NULL,'CS1','CS12A1RR','DARK KNIGHT'),('CL0-GD',NULL,NULL,NULL,NULL,'CS1','CS12A1RR','GOLD'),('CL0-RD',NULL,NULL,NULL,NULL,'CS1','CS12A1RR','RED'),('CL0-SV',NULL,NULL,NULL,NULL,'CS1','CS12A1RR','SILVER'),('CL0-WH',NULL,NULL,NULL,NULL,'CS1','CS12A1RR','WHITE'),('CL1-95',NULL,NULL,NULL,NULL,'CS1','CS12A1RR1 M/T','PUTIH NO STRIPE'),('CL1-99',NULL,NULL,NULL,NULL,'CS1','CS12A1RR1 M/T','BLACK NO STRIPE'),('CL1-BK',NULL,NULL,NULL,NULL,'CS1','CS12A1RR1 M/T','BLACK'),('CL1-MH',NULL,NULL,NULL,NULL,'CS1','CS12A1RR1 M/T','MERAH HITAM'),('CL1-VS',NULL,NULL,NULL,NULL,'CS1','CS12A1RR1 M/T','VIOLET - SILVER'),('CM0-99',NULL,NULL,NULL,NULL,'BEAT','NC11B1C A/T','BLACK NO STRIPE'),('CM0-BK',NULL,NULL,NULL,NULL,'BEAT','NC11B1C A/T','BLACK'),('CM0-BL',NULL,NULL,NULL,NULL,'BEAT','NC11B1C A/T','BLUE'),('CM0-OR',NULL,NULL,NULL,NULL,'BEAT','NC11B1C A/T','ORANGE'),('CM0-PK',NULL,NULL,NULL,NULL,'BEAT','NC11B1C A/T','PINK'),('CM0-RD',NULL,NULL,NULL,NULL,'BEAT','NC11B1C A/T','RED'),('CM0-WH',NULL,NULL,NULL,NULL,'BEAT','NC11B1C A/T','WHITE'),('CM1-1B',NULL,NULL,NULL,NULL,'BEAT','NC11B2CA/T','JAZZ BLUE'),('CM1-1H',NULL,NULL,NULL,NULL,'BEAT','NC11B2CA/T','HARD R BLACK'),('CM1-1P',NULL,NULL,NULL,NULL,'BEAT','NC11B2CA/T','POP PINK'),('CM1-1R',NULL,NULL,NULL,NULL,'BEAT','NC11B2CA/T','ELECTRO RED'),('CM1-1W',NULL,NULL,NULL,NULL,'BEAT','NC11B2CA/T','TECHNO WHITE'),('CM1-99',NULL,NULL,NULL,NULL,'BEAT','NC11B2CA/T','BLACK NO STRIPE'),('CM1-BK',NULL,NULL,NULL,NULL,'BEAT','NC11B2CA/T','BLACK'),('CM1-BL',NULL,NULL,NULL,NULL,'BEAT','NC11B2CA/T','BLUE'),('CM1-PK',NULL,NULL,NULL,NULL,'BEAT','NC11B2CA/T','PINK'),('CM1-RD',NULL,NULL,NULL,NULL,'BEAT','NC11B2CA/T','RED'),('CM1-WH',NULL,NULL,NULL,NULL,'BEAT','NC11B2CA/T','WHITE'),('CN0-99',NULL,NULL,NULL,NULL,'BLADE','NF11A1C M/T','BLACK NO STRIPE'),('CN0-BP',NULL,NULL,NULL,NULL,'BLADE','NF11A1C M/T','BIRU PUTIH'),('CN0-HS',NULL,NULL,NULL,NULL,'BLADE','NF11A1C M/T','HITAM SILVER'),('CN0-KS',NULL,NULL,NULL,NULL,'BLADE','NF11A1C M/T','KUNING SILVER'),('CN0-LS',NULL,NULL,NULL,NULL,'BLADE','NF11A1C M/T','BIRU SILVER'),('CN0-MS',NULL,NULL,NULL,NULL,'BLADE','NF11A1C M/T','MERAH SILVER'),('CN0-PS',NULL,NULL,NULL,NULL,'BLADE','NF11A1C M/T','PUTIH SILVER'),('CN1-99',NULL,NULL,NULL,NULL,'BLADE','NF11A2C M/T','BLACK NO STRIPE'),('CN1-HM',NULL,NULL,NULL,NULL,'BLADE','NF11A2C M/T','HITAM MERAH'),('CN1-MP',NULL,NULL,NULL,NULL,'BLADE','NF11A2C M/T','MERAH PUTIH'),('CN1-PH',NULL,NULL,NULL,NULL,'BLADE','NF11A2C M/T','PUTIH HITAM'),('CNA-99',NULL,NULL,NULL,NULL,'BLADE','NF11A1CA M/T','BLACK NO STRIPE'),('CNA-OR',NULL,NULL,NULL,NULL,'BLADE','NF11A1CA M/T','ORANGE'),('CNA-UO',NULL,NULL,NULL,NULL,'BLADE','NF11A1CA M/T','BIRU ORANGE'),('CNB-99',NULL,NULL,NULL,NULL,'BLADE','NF11A2CB M/T','BLACK NO STRIPE'),('CNB-OH',NULL,NULL,NULL,NULL,'BLADE','NF11A2CB M/T','ORANGE HITAM'),('CP0-96',NULL,NULL,NULL,NULL,'REVO 110 SPOKE ','NF11B1D M/T','BLUE NO STRIPE'),('CP0-99',NULL,NULL,NULL,NULL,'REVO 110 SPOKE ','NF11B1D M/T','BLACK NO STRIPE'),('CP0-BB',NULL,NULL,NULL,NULL,'REVO 110 SPOKE ','NF11B1D M/T','BLACK BLUE'),('CP0-BR',NULL,NULL,NULL,NULL,'REVO 110 SPOKE ','NF11B1D M/T','BLACK RED'),('CP0-BS',NULL,NULL,NULL,NULL,'REVO 110 SPOKE ','NF11B1D M/T','BLACK SILVER'),('CP1-95',NULL,NULL,NULL,NULL,'REVO 110 SPOKE ','NF11B1D1 M/T','PUTIH NO STRIPE'),('CP1-96',NULL,NULL,NULL,NULL,'REVO 110 SPOKE ','NF11B1D1 M/T','BLUE NO STRIPE'),('CP1-98',NULL,NULL,NULL,NULL,'REVO 110 SPOKE ','NF11B1D1 M/T','RED NO STRIPE'),('CP1-99',NULL,NULL,NULL,NULL,'REVO 110 SPOKE ','NF11B1D1 M/T','BLACK NO STRIPE'),('CP1-BB',NULL,NULL,NULL,NULL,'REVO 110 SPOKE ','NF11B1D1 M/T','BLACK BLUE'),('CP1-BR',NULL,NULL,NULL,NULL,'REVO 110 SPOKE ','NF11B1D1 M/T','BLACK RED'),('CP1-BS',NULL,NULL,NULL,NULL,'REVO 110 SPOKE ','NF11B1D1 M/T','BLACK SILVER'),('CR0-93',NULL,NULL,NULL,NULL,'REVO 110 CAST W','NF11B1C M/T','ORANGE NO STRP'),('CR0-96',NULL,NULL,NULL,NULL,'REVO 110 CAST W','NF11B1C M/T','BLUE NO STRIPE'),('CR0-99',NULL,NULL,NULL,NULL,'REVO 110 CAST W','NF11B1C M/T','BLACK NO STRIPE'),('CR0-BK',NULL,NULL,NULL,NULL,'REVO 110 CAST W','NF11B1C M/T','BLACK'),('CR0-GR',NULL,NULL,NULL,NULL,'REVO 110 CAST W','NF11B1C M/T','GREY'),('CR0-RD',NULL,NULL,NULL,NULL,'REVO 110 CAST W','NF11B1C M/T','RED'),('CR0-SV',NULL,NULL,NULL,NULL,'REVO 110 CAST W','NF11B1C M/T','SILVER'),('CR1-95',NULL,NULL,NULL,NULL,'REVO 110 CAST W','NF11B1C1 M/T','PUTIH NO STRIPE'),('CR1-99',NULL,NULL,NULL,NULL,'REVO 110 CAST W','NF11B1C1 M/T','BLACK NO STRIPE'),('CR1-AH',NULL,NULL,NULL,NULL,'REVO 110 CAST W','NF11B1C1 M/T','ABU2 HITAM'),('CR1-BK',NULL,NULL,NULL,NULL,'REVO 110 CAST W','NF11B1C1 M/T','BLACK'),('CR1-MH',NULL,NULL,NULL,NULL,'REVO 110 CAST W','NF11B1C1 M/T','MERAH HITAM'),('CR1-SH',NULL,NULL,NULL,NULL,'REVO 110 CAST W','NF11B1C1 M/T','SILVER HITAM'),('CRA-99',NULL,NULL,NULL,NULL,'REVO 110 CAST W','NF11B1CA M/T','BLACK NO STRIPE'),('CRA-BZ',NULL,NULL,NULL,NULL,'REVO 110 CAST W','NF11B1CA M/T','BIRU - SILVER'),('CRA-HS',NULL,NULL,NULL,NULL,'REVO 110 CAST W','NF11B1CA M/T','HITAM SILVER'),('CRA-MS',NULL,NULL,NULL,NULL,'REVO 110 CAST W','NF11B1CA M/T','MERAH SILVER'),('CRB-99',NULL,NULL,NULL,NULL,'REVO 110 CAST W','NF11B1CA1 M/T','BLACK NO STRIPE'),('CRB-CS',NULL,NULL,NULL,NULL,'REVO 110 CAST W','NF11B1CA1 M/T','COKLAT - SILVER'),('CRB-HS',NULL,NULL,NULL,NULL,'REVO 110 CAST W','NF11B1CA1 M/T','HITAM SILVER'),('CRB-MS',NULL,NULL,NULL,NULL,'REVO 110 CAST W','NF11B1CA1 M/T','MERAH SILVER'),('CT0-99',NULL,NULL,NULL,NULL,'VARIO TECHNO','NC11A2CBA/T','BLACK NO STRIPE'),('CT0-HS',NULL,NULL,NULL,NULL,'VARIO TECHNO','NC11A2CBA/T','HITAM SILVER'),('CT0-MS',NULL,NULL,NULL,NULL,'VARIO TECHNO','NC11A2CBA/T','MERAH SILVER'),('CT0-PM',NULL,NULL,NULL,NULL,'VARIO TECHNO','NC11A2CBA/T','PUTIH MERAH'),('CT0-SB',NULL,NULL,NULL,NULL,'VARIO TECHNO','NC11A2CBA/T','SILVER BIRU'),('CT0-VS',NULL,NULL,NULL,NULL,'VARIO TECHNO','NC11A2CBA/T','VIOLET - SILVER'),('CV0-99',NULL,NULL,NULL,NULL,'NEW BEAT SPOKE ','NC11B3DA/T','BLACK NO STRIPE'),('CV0-BK',NULL,NULL,NULL,NULL,'NEW BEAT SPOKE ','NC11B3DA/T','BLACK'),('CV0-BL',NULL,NULL,NULL,NULL,'NEW BEAT SPOKE ','NC11B3DA/T','BLUE'),('CV0-PK',NULL,NULL,NULL,NULL,'NEW BEAT SPOKE ','NC11B3DA/T','PINK'),('CV0-RD',NULL,NULL,NULL,NULL,'NEW BEAT SPOKE ','NC11B3DA/T','RED'),('CV0-WH',NULL,NULL,NULL,NULL,'NEW BEAT SPOKE ','NC11B3DA/T','WHITE'),('CV1-99',NULL,NULL,NULL,NULL,'NEW BEAT SPOKE ','NC11B3D1A/T','BLACK NO STRIPE'),('CV1-BK',NULL,NULL,NULL,NULL,'NEW BEAT SPOKE ','NC11B3D1A/T','BLACK'),('CV1-BL',NULL,NULL,NULL,NULL,'NEW BEAT SPOKE ','NC11B3D1A/T','BLUE'),('CV1-PK',NULL,NULL,NULL,NULL,'NEW BEAT SPOKE ','NC11B3D1A/T','PINK'),('CV1-RD',NULL,NULL,NULL,NULL,'NEW BEAT SPOKE ','NC11B3D1A/T','RED'),('CV1-WH',NULL,NULL,NULL,NULL,'NEW BEAT SPOKE ','NC11B3D1A/T','WHITE'),('CV2-00',NULL,NULL,NULL,NULL,'NEW BEAT SPOKE ','NC11B3D2A/T','DUMMY'),('CV2-BK',NULL,NULL,NULL,NULL,'NEW BEAT SPOKE ','NC11B3D2A/T','BLACK'),('CV2-BP',NULL,NULL,NULL,NULL,'NEW BEAT SPOKE ','NC11B3D2A/T','BIRU PUTIH'),('CV2-HT',NULL,NULL,NULL,NULL,'NEW BEAT SPOKE ','NC11B3D2A/T','HIJAU PUTIH'),('CV2-RD',NULL,NULL,NULL,NULL,'NEW BEAT SPOKE ','NC11B3D2A/T','RED'),('CV2-WH',NULL,NULL,NULL,NULL,'NEW BEAT SPOKE ','NC11B3D2A/T','WHITE'),('CX0-1B',NULL,NULL,NULL,NULL,'NEW BEAT CAST W','NC11B3CA/T','JAZZ BLUE'),('CX0-1H',NULL,NULL,NULL,NULL,'NEW BEAT CAST W','NC11B3CA/T','HARD R BLACK'),('CX0-1P',NULL,NULL,NULL,NULL,'NEW BEAT CAST W','NC11B3CA/T','POP PINK'),('CX0-1R',NULL,NULL,NULL,NULL,'NEW BEAT CAST W','NC11B3CA/T','ELECTRO RED'),('CX0-1W',NULL,NULL,NULL,NULL,'NEW BEAT CAST W','NC11B3CA/T','TECHNO WHITE'),('CX0-99',NULL,NULL,NULL,NULL,'NEW BEAT CAST W','NC11B3CA/T','BLACK NO STRIPE'),('CX0-BK',NULL,NULL,NULL,NULL,'NEW BEAT CAST W','NC11B3CA/T','BLACK'),('CX0-BL',NULL,NULL,NULL,NULL,'NEW BEAT CAST W','NC11B3CA/T','BLUE'),('CX0-PK',NULL,NULL,NULL,NULL,'NEW BEAT CAST W','NC11B3CA/T','PINK'),('CX0-RD',NULL,NULL,NULL,NULL,'NEW BEAT CAST W','NC11B3CA/T','RED'),('CX0-WH',NULL,NULL,NULL,NULL,'NEW BEAT CAST W','NC11B3CA/T','WHITE'),('CX1-1B',NULL,NULL,NULL,NULL,'NEW BEAT CAST W','NC11B3C1A/T','JAZZ BLUE'),('CX1-1H',NULL,NULL,NULL,NULL,'NEW BEAT CAST W','NC11B3C1A/T','HARD R BLACK'),('CX1-1P',NULL,NULL,NULL,NULL,'NEW BEAT CAST W','NC11B3C1A/T','POP PINK'),('CX1-1R',NULL,NULL,NULL,NULL,'NEW BEAT CAST W','NC11B3C1A/T','ELECTRO RED'),('CX1-99',NULL,NULL,NULL,NULL,'NEW BEAT CAST W','NC11B3C1A/T','BLACK NO STRIPE'),('CX1-BK',NULL,NULL,NULL,NULL,'NEW BEAT CAST W','NC11B3C1A/T','BLACK'),('CX1-BL',NULL,NULL,NULL,NULL,'NEW BEAT CAST W','NC11B3C1A/T','BLUE'),('CX1-PK',NULL,NULL,NULL,NULL,'NEW BEAT CAST W','NC11B3C1A/T','PINK'),('CX1-RD',NULL,NULL,NULL,NULL,'NEW BEAT CAST W','NC11B3C1A/T','RED'),('CX1-WH',NULL,NULL,NULL,NULL,'NEW BEAT CAST W','NC11B3C1A/T','WHITE'),('CX2-00',NULL,NULL,NULL,NULL,'NEW BEAT CAST W','NC11B3C2A/T','DUMMY'),('CX2-BK',NULL,NULL,NULL,NULL,'NEW BEAT CAST W','NC11B3C2A/T','BLACK'),('CX2-BP',NULL,NULL,NULL,NULL,'NEW BEAT CAST W','NC11B3C2A/T','BIRU PUTIH'),('CX2-HT',NULL,NULL,NULL,NULL,'NEW BEAT CAST W','NC11B3C2A/T','HIJAU PUTIH'),('CX2-RD',NULL,NULL,NULL,NULL,'NEW BEAT CAST W','NC11B3C2A/T','RED'),('CX2-WH',NULL,NULL,NULL,NULL,'NEW BEAT CAST W','NC11B3C2A/T','WHITE'),('CY0-99',NULL,NULL,NULL,NULL,'REVO AT','NCF11A1CF A/T','BLACK NO STRIPE'),('CY0-HS',NULL,NULL,NULL,NULL,'REVO AT','NCF11A1CF A/T','HITAM SILVER'),('CY0-MS',NULL,NULL,NULL,NULL,'REVO AT','NCF11A1CF A/T','MERAH SILVER'),('CY0-VS',NULL,NULL,NULL,NULL,'REVO AT','NCF11A1CF A/T','VIOLET - SILVER'),('CZ0-95',NULL,NULL,NULL,NULL,'SCOOPY','NC11C1C A/T','PUTIH NO STRIPE'),('CZ0-99',NULL,NULL,NULL,NULL,'SCOOPY','NC11C1C A/T','BLACK NO STRIPE'),('CZ0-PE',NULL,NULL,NULL,NULL,'SCOOPY','NC11C1C A/T','PUTIH-BEIGE'),('CZ0-PP',NULL,NULL,NULL,NULL,'SCOOPY','NC11C1C A/T','PINK PUTIH'),('CZ0-VP',NULL,NULL,NULL,NULL,'SCOOPY','NC11C1C A/T','VIOLET-PUTIH'),('CZ1-99',NULL,NULL,NULL,NULL,'SCOOPY','NC11C1C1 A/T','BLACK NO STRIPE'),('CZ1-BP',NULL,NULL,NULL,NULL,'SCOOPY','NC11C1C1 A/T','BIRU PUTIH'),('CZ1-HM',NULL,NULL,NULL,NULL,'SCOOPY','NC11C1C1 A/T','HITAM MERAH'),('CZ1-MP',NULL,NULL,NULL,NULL,'SCOOPY','NC11C1C1 A/T','MERAH PUTIH'),('CZ1-PE',NULL,NULL,NULL,NULL,'SCOOPY','NC11C1C1 A/T','PUTIH-BEIGE'),('CZ1-PF',NULL,NULL,NULL,NULL,'SCOOPY','NC11C1C1 A/T','PUTIH PINK'),('CZ1-VP',NULL,NULL,NULL,NULL,'SCOOPY','NC11C1C1 A/T','VIOLET-PUTIH'),('DA0-BB',NULL,NULL,NULL,NULL,'MEGA PRO STD','GL 160 D','BLACK BLUE'),('DA0-BR',NULL,NULL,NULL,NULL,'MEGA PRO STD','GL 160 D','BLACK RED'),('DA1-BR',NULL,NULL,NULL,NULL,'MEGA PRO STD','GL 160 D1','BLACK RED'),('DA1-BS',NULL,NULL,NULL,NULL,'MEGA PRO STD','GL 160 D1','BLACK SILVER'),('DA1-BT',NULL,NULL,NULL,NULL,'MEGA PRO STD','GL 160 D1','BLUE TELKOM'),('DA1-BX',NULL,NULL,NULL,NULL,'MEGA PRO STD','GL 160 D1','BLUE SILVER'),('DA1-RS',NULL,NULL,NULL,NULL,'MEGA PRO STD','GL 160 D1','RED SILVER'),('DA2-95',NULL,NULL,NULL,NULL,'MEGA PRO STD','GL 160 D2','PUTIH NO STRIPE'),('DA2-BK',NULL,NULL,NULL,NULL,'MEGA PRO STD','GL 160 D2','BLACK'),('DA2-BL',NULL,NULL,NULL,NULL,'MEGA PRO STD','GL 160 D2','BLUE'),('DA2-RD',NULL,NULL,NULL,NULL,'MEGA PRO STD','GL 160 D2','RED'),('DA2-YL',NULL,NULL,NULL,NULL,'MEGA PRO STD','GL 160 D2','YELLOW'),('DB0-BR',NULL,NULL,NULL,NULL,'MEGA PRO CW','GL 160 CW','BLACK RED'),('DB0-BS',NULL,NULL,NULL,NULL,'MEGA PRO CW','GL 160 CW','BLACK SILVER'),('DB0-HB',NULL,NULL,NULL,NULL,'MEGA PRO CW','GL 160 CW','HITAM BIRU'),('DB0-HM',NULL,NULL,NULL,NULL,'MEGA PRO CW','GL 160 CW','HITAM MERAH'),('DB1-BR',NULL,NULL,NULL,NULL,'MEGA PRO CW','GL 160 CW1','BLACK RED'),('DB1-BS',NULL,NULL,NULL,NULL,'MEGA PRO CW','GL 160 CW1','BLACK SILVER'),('DB1-BX',NULL,NULL,NULL,NULL,'MEGA PRO CW','GL 160 CW1','BLUE SILVER'),('DB1-RS',NULL,NULL,NULL,NULL,'MEGA PRO CW','GL 160 CW1','RED SILVER'),('DB2-BK',NULL,NULL,NULL,NULL,'MEGA PRO CW','GL 160 CW2','BLACK'),('DB2-BL',NULL,NULL,NULL,NULL,'MEGA PRO CW','GL 160 CW2','BLUE'),('DB2-RD',NULL,NULL,NULL,NULL,'MEGA PRO CW','GL 160 CW2','RED'),('DB2-YL',NULL,NULL,NULL,NULL,'MEGA PRO CW','GL 160 CW2','YELLOW'),('DBA-BL',NULL,NULL,NULL,NULL,'MEGA PRO CW','GL 160 CWA','BLUE'),('DBA-YL',NULL,NULL,NULL,NULL,'MEGA PRO CW','GL 160 CWA','YELLOW'),('DC0-BB',NULL,NULL,NULL,NULL,'TIGER STD','GL 200 D','BLACK BLUE'),('DC0-BR',NULL,NULL,NULL,NULL,'TIGER STD','GL 200 D','BLACK RED'),('DC0-BX',NULL,NULL,NULL,NULL,'TIGER STD','GL 200 D','BLUE SILVER'),('DD0-BK',NULL,NULL,NULL,NULL,'TIGER CAST WHEE','GL 200 R','BLACK'),('DD0-BL',NULL,NULL,NULL,NULL,'TIGER CAST WHEE','GL 200 R','BLUE'),('DD0-RD',NULL,NULL,NULL,NULL,'TIGER CAST WHEE','GL 200 R','RED'),('DD0-SV',NULL,NULL,NULL,NULL,'TIGER CAST WHEE','GL 200 R','SILVER'),('DD1-92',NULL,NULL,NULL,NULL,'TIGER CAST WHEE','GL 200 R1','BS EMULATOR'),('DD1-99',NULL,NULL,NULL,NULL,'TIGER CAST WHEE','GL 200 R1','BLACK NO STRIPE'),('DD1-BE',NULL,NULL,NULL,NULL,'TIGER CAST WHEE','GL 200 R1','BLACK GREY'),('DD1-BR',NULL,NULL,NULL,NULL,'TIGER CAST WHEE','GL 200 R1','BLACK RED'),('DD1-BS',NULL,NULL,NULL,NULL,'TIGER CAST WHEE','GL 200 R1','BLACK SILVER'),('DD1-BX',NULL,NULL,NULL,NULL,'TIGER CAST WHEE','GL 200 R1','BLUE SILVER'),('DD1-GS',NULL,NULL,NULL,NULL,'TIGER CAST WHEE','GL 200 R1','GREY SILVER'),('DD1-RS',NULL,NULL,NULL,NULL,'TIGER CAST WHEE','GL 200 R1','RED SILVER'),('DD2-99',NULL,NULL,NULL,NULL,'TIGER CAST WHEE','GL 200 R2','BLACK NO STRIPE'),('DD2-AS',NULL,NULL,NULL,NULL,'TIGER CAST WHEE','GL 200 R2','ABU ABU SILVER'),('DD2-HS',NULL,NULL,NULL,NULL,'TIGER CAST WHEE','GL 200 R2','HITAM SILVER'),('DD2-MS',NULL,NULL,NULL,NULL,'TIGER CAST WHEE','GL 200 R2','MERAH SILVER'),('DD2-WH',NULL,NULL,NULL,NULL,'TIGER CAST WHEE','GL 200 R2','WHITE'),('DDA-99',NULL,NULL,NULL,NULL,'TIGER CAST WHEE','GL200RA1 M/T','BLACK NO STRIPE'),('DDA-BK',NULL,NULL,NULL,NULL,'TIGER CAST WHEE','GL200RA1 M/T','BLACK'),('DDA-GR',NULL,NULL,NULL,NULL,'TIGER CAST WHEE','GL200RA1 M/T','GREY'),('DDA-RD',NULL,NULL,NULL,NULL,'TIGER CAST WHEE','GL200RA1 M/T','RED'),('DDB-95',NULL,NULL,NULL,NULL,'TIGER CAST WHEE','GL200RA2 M/T','PUTIH NO STRIPE'),('DDB-BK',NULL,NULL,NULL,NULL,'TIGER CAST WHEE','GL200RA2 M/T','BLACK'),('DDB-RD',NULL,NULL,NULL,NULL,'TIGER CAST WHEE','GL200RA2 M/T','RED'),('DDB-VO',NULL,NULL,NULL,NULL,'TIGER CAST WHEE','GL200RA2 M/T','VIOLET'),('DDB-WH',NULL,NULL,NULL,NULL,'TIGER CAST WHEE','GL200RA2 M/T','WHITE'),('DE0-99',NULL,NULL,NULL,NULL,'NEW MEGA PRO ST','GL15A1D M/T','BLACK NO STRIPE'),('DE0-HA',NULL,NULL,NULL,NULL,'NEW MEGA PRO ST','GL15A1D M/T','HITAM-ABU ABU'),('DE0-MA',NULL,NULL,NULL,NULL,'NEW MEGA PRO ST','GL15A1D M/T','MERAH ABU-ABU'),('DE0-SA',NULL,NULL,NULL,NULL,'NEW MEGA PRO ST','GL15A1D M/T','SILVER ABU-ABU'),('DE1-00',NULL,NULL,NULL,NULL,'NEW MEGA PRO ST','GL15A1D1 M/T','DUMMY'),('DE1-95',NULL,NULL,NULL,NULL,'NEW MEGA PRO ST','GL15A1D1 M/T','PUTIH NO STRIPE'),('DE1-AG',NULL,NULL,NULL,NULL,'NEW MEGA PRO ST','GL15A1D1 M/T','ARMY GREEN'),('DE1-BK',NULL,NULL,NULL,NULL,'NEW MEGA PRO ST','GL15A1D1 M/T','BLACK'),('DE1-MH',NULL,NULL,NULL,NULL,'NEW MEGA PRO ST','GL15A1D1 M/T','MERAH HITAM'),('DF0-99',NULL,NULL,NULL,NULL,'NEW MEGA PRO CW','GL15A1RR M/T','BLACK NO STRIPE'),('DF0-AG',NULL,NULL,NULL,NULL,'NEW MEGA PRO CW','GL15A1RR M/T','ARMY GREEN'),('DF0-HA',NULL,NULL,NULL,NULL,'NEW MEGA PRO CW','GL15A1RR M/T','HITAM-ABU ABU'),('DF0-MA',NULL,NULL,NULL,NULL,'NEW MEGA PRO CW','GL15A1RR M/T','MERAH ABU-ABU'),('DF0-SA',NULL,NULL,NULL,NULL,'NEW MEGA PRO CW','GL15A1RR M/T','SILVER ABU-ABU'),('DF0-ST',NULL,NULL,NULL,NULL,'NEW MEGA PRO CW','GL15A1RR M/T','STONE GREY'),('DF0-UA',NULL,NULL,NULL,NULL,'NEW MEGA PRO CW','GL15A1RR M/T','BIRU ABU-ABU'),('DF1-00',NULL,NULL,NULL,NULL,'NEW MEGA PRO CW','GL15A1RR1 M/T','DUMMY'),('DF1-AG',NULL,NULL,NULL,NULL,'NEW MEGA PRO CW','GL15A1RR1 M/T','ARMY GREEN'),('DF1-BH',NULL,NULL,NULL,NULL,'NEW MEGA PRO CW','GL15A1RR1 M/T','BIRU HITAM'),('DF1-BK',NULL,NULL,NULL,NULL,'NEW MEGA PRO CW','GL15A1RR1 M/T','BLACK'),('DF1-MH',NULL,NULL,NULL,NULL,'NEW MEGA PRO CW','GL15A1RR1 M/T','MERAH HITAM'),('DF1-PH',NULL,NULL,NULL,NULL,'NEW MEGA PRO CW','GL15A1RR1 M/T','PUTIH HITAM'),('DF1-ST',NULL,NULL,NULL,NULL,'NEW MEGA PRO CW','GL15A1RR1 M/T','STONE GREY'),('DG0-BK',NULL,NULL,NULL,NULL,'CBR 250R STD','CBR250RB(IN) M/','BLACK'),('DG0-RD',NULL,NULL,NULL,NULL,'CBR 250R STD','CBR250RB(IN) M/','RED'),('DG0-SV',NULL,NULL,NULL,NULL,'CBR 250R STD','CBR250RB(IN) M/','SILVER'),('DG1-00',NULL,NULL,NULL,NULL,'CBR 250R STD','CBR250RB1(IN) M','DUMMY'),('DG1-RD',NULL,NULL,NULL,NULL,'CBR 250R STD','CBR250RB1(IN) M','RED'),('DG1-WH',NULL,NULL,NULL,NULL,'CBR 250R STD','CBR250RB1(IN) M','WHITE'),('DGA-OH',NULL,NULL,NULL,NULL,'CBR 250R STD','CBR250RB1(IN)R ','ORANGE HITAM'),('DH0-BK',NULL,NULL,NULL,NULL,'CBR 250R ABS','CBR250RAB(IN) M','BLACK'),('DH0-RD',NULL,NULL,NULL,NULL,'CBR 250R ABS','CBR250RAB(IN) M','RED'),('DH0-SV',NULL,NULL,NULL,NULL,'CBR 250R ABS','CBR250RAB(IN) M','SILVER'),('DH1-BK',NULL,NULL,NULL,NULL,'CBR 250R ABS','CBR250RAB1(IN) ','BLACK'),('DHA-OH',NULL,NULL,NULL,NULL,'CBR 250R ABS','CBR250RAB1(IN)R','ORANGE HITAM'),('DJ0-00',NULL,NULL,NULL,NULL,'CBR 150R','CBR150RC(IN) M/','DUMMY'),('DJ0-99',NULL,NULL,NULL,NULL,'CBR 150R','CBR150RC(IN) M/','BLACK NO STRIPE'),('DJ0-BK',NULL,NULL,NULL,NULL,'CBR 150R','CBR150RC(IN) M/','BLACK'),('DJ0-OH',NULL,NULL,NULL,NULL,'CBR 150R','CBR150RC(IN) M/','ORANGE HITAM'),('DJ0-PM',NULL,NULL,NULL,NULL,'CBR 150R','CBR150RC(IN) M/','PUTIH MERAH'),('DJ0-RD',NULL,NULL,NULL,NULL,'CBR 150R','CBR150RC(IN) M/','RED'),('DJ1-BK',NULL,NULL,NULL,NULL,'CBR 150R','CBR150RE IN M/T','BLACK'),('DJ1-RD',NULL,NULL,NULL,NULL,'CBR 150R','CBR150RE IN M/T','RED'),('DJA-OH',NULL,NULL,NULL,NULL,'CBR 150R','CBR150RC(IN)R M','ORANGE HITAM'),('DJB-OP',NULL,NULL,NULL,NULL,'CBR 150R','CBR150RE 3IN M/','ORANGE PUTIH'),('DJC-PM',NULL,NULL,NULL,NULL,'CBR 150R','CBR150RE 5IN M/','PUTIH MERAH'),('DK0-00',NULL,NULL,NULL,NULL,'CB150R','CB15A1RRF M/T','DUMMY'),('DK0-BK',NULL,NULL,NULL,NULL,'CB150R','CB15A1RRF M/T','BLACK'),('DK0-RD',NULL,NULL,NULL,NULL,'CB150R','CB15A1RRF M/T','RED'),('DK0-WL',NULL,NULL,NULL,NULL,'CB150R','CB15A1RRF M/T','WHITE BLUE'),('DK0-WR',NULL,NULL,NULL,NULL,'CB150R','CB15A1RRF M/T','WHITE RED'),('DK1-BK',NULL,NULL,NULL,NULL,'CB150R','CB15A1RRF1 M/T','BLACK'),('DK1-PM',NULL,NULL,NULL,NULL,'CB150R','CB15A1RRF1 M/T','PUTIH MERAH'),('DK1-RD',NULL,NULL,NULL,NULL,'CB150R','CB15A1RRF1 M/T','RED'),('DK1-WL',NULL,NULL,NULL,NULL,'CB150R','CB15A1RRF1 M/T','WHITE BLUE'),('DK1-WR',NULL,NULL,NULL,NULL,'CB150R','CB15A1RRF1 M/T','WHITE RED'),('DKX-BK',NULL,NULL,NULL,NULL,'CB150R A','CB15A1RRF1 M/T ','BLACK'),('DKX-PM',NULL,NULL,NULL,NULL,'CB150R A','CB15A1RRF1 M/T ','PUTIH MERAH'),('DKX-RD',NULL,NULL,NULL,NULL,'CB150R A','CB15A1RRF1 M/T ','RED'),('DKX-WL',NULL,NULL,NULL,NULL,'CB150R A','CB15A1RRF1 M/T ','WHITE BLUE'),('DKX-WR',NULL,NULL,NULL,NULL,'CB150R A','CB15A1RRF1 M/T ','WHITE RED'),('DKY-BK',NULL,NULL,NULL,NULL,'CB150R A','CB15A1RRF1 M/T ','BLACK'),('DKY-PM',NULL,NULL,NULL,NULL,'CB150R A','CB15A1RRF1 M/T ','PUTIH MERAH'),('DKY-RD',NULL,NULL,NULL,NULL,'CB150R A','CB15A1RRF1 M/T ','RED'),('DKY-WL',NULL,NULL,NULL,NULL,'CB150R A','CB15A1RRF1 M/T ','WHITE BLUE'),('DKY-WR',NULL,NULL,NULL,NULL,'CB150R A','CB15A1RRF1 M/T ','WHITE RED'),('DL0-00',NULL,NULL,NULL,NULL,'MEGAPRO CW FI','GL15C21A07 M/T','DUMMY'),('DL0-BH',NULL,NULL,NULL,NULL,'MEGAPRO CW FI','GL15C21A07 M/T','BIRU HITAM'),('DL0-BK',NULL,NULL,NULL,NULL,'MEGAPRO CW FI','GL15C21A07 M/T','BLACK'),('DL0-MH',NULL,NULL,NULL,NULL,'MEGAPRO CW FI','GL15C21A07 M/T','MERAH HITAM'),('DL0-PH',NULL,NULL,NULL,NULL,'MEGAPRO CW FI','GL15C21A07 M/T','PUTIH HITAM'),('DLX-BH',NULL,NULL,NULL,NULL,'MEGAPRO CW FI A','GL15C21A07 M/T ','BIRU HITAM'),('DLX-BK',NULL,NULL,NULL,NULL,'MEGAPRO CW FI A','GL15C21A07 M/T ','BLACK'),('DLX-MH',NULL,NULL,NULL,NULL,'MEGAPRO CW FI A','GL15C21A07 M/T ','MERAH HITAM'),('DLX-PH',NULL,NULL,NULL,NULL,'MEGAPRO CW FI A','GL15C21A07 M/T ','PUTIH HITAM'),('DM0-00',NULL,NULL,NULL,NULL,'VERZA CAST WHEE','GL15B1CF M/T','DUMMY'),('DM0-BK',NULL,NULL,NULL,NULL,'VERZA CAST WHEE','GL15B1CF M/T','BLACK'),('DM0-BL',NULL,NULL,NULL,NULL,'VERZA CAST WHEE','GL15B1CF M/T','BLUE'),('DM0-GR',NULL,NULL,NULL,NULL,'VERZA CAST WHEE','GL15B1CF M/T','GREY'),('DM0-RD',NULL,NULL,NULL,NULL,'VERZA CAST WHEE','GL15B1CF M/T','RED'),('DM1-BK',NULL,NULL,NULL,NULL,'VERZA CAST WHEE','GL15B1CF1 M/T','BLACK'),('DM1-RD',NULL,NULL,NULL,NULL,'VERZA CAST WHEE','GL15B1CF1 M/T','RED'),('DM1-SV',NULL,NULL,NULL,NULL,'VERZA CAST WHEE','GL15B1CF1 M/T','SILVER'),('DM1-WH',NULL,NULL,NULL,NULL,'VERZA CAST WHEE','GL15B1CF1 M/T','WHITE'),('DN0-00',NULL,NULL,NULL,NULL,'VERZA SPOKE WHE','GL15B1DF M/T','DUMMY'),('DN0-99',NULL,NULL,NULL,NULL,'VERZA SPOKE WHE','GL15B1DF M/T','BLACK NO STRIPE'),('DN0-AG',NULL,NULL,NULL,NULL,'VERZA SPOKE WHE','GL15B1DF M/T','ARMY GREEN'),('DN0-BK',NULL,NULL,NULL,NULL,'VERZA SPOKE WHE','GL15B1DF M/T','BLACK'),('DN0-BL',NULL,NULL,NULL,NULL,'VERZA SPOKE WHE','GL15B1DF M/T','BLUE'),('DN0-GR',NULL,NULL,NULL,NULL,'VERZA SPOKE WHE','GL15B1DF M/T','GREY'),('DN0-RD',NULL,NULL,NULL,NULL,'VERZA SPOKE WHE','GL15B1DF M/T','RED'),('DN1-BK',NULL,NULL,NULL,NULL,'VERZA SPOKE WHE','GL15B1DF1 M/T','BLACK'),('DN1-RD',NULL,NULL,NULL,NULL,'VERZA SPOKE WHE','GL15B1DF1 M/T','RED'),('DN1-WH',NULL,NULL,NULL,NULL,'VERZA SPOKE WHE','GL15B1DF1 M/T','WHITE'),('DP0-00',NULL,NULL,NULL,NULL,'ALL NEW CBR150R','T5E02R11L0 M/T','DUMMY'),('DP0-BK',NULL,NULL,NULL,NULL,'ALL NEW CBR150R','T5E02R11L0 M/T','BLACK'),('DP0-RD',NULL,NULL,NULL,NULL,'ALL NEW CBR150R','T5E02R11L0 M/T','RED'),('DR0-RD',NULL,NULL,NULL,NULL,'NEW CBR 250R ST','CBR250RF IN M/T','RED'),('DRA-PD',NULL,NULL,NULL,NULL,'NEW CBR 250R ST','CBR250RF 2IN M/','PUTIH MERAH BIR'),('DRB-PO',NULL,NULL,NULL,NULL,'NEW CBR 250R ST','CBR250RF 4IN M/','PUTIH ORANGE ME'),('DS0-RD',NULL,NULL,NULL,NULL,'NEW CBR 250R AB','CBR250RAF IN M/','RED'),('DSA-PD',NULL,NULL,NULL,NULL,'NEW CBR 250R AB','CBR250RAF 2IN M','PUTIH MERAH BIR'),('DSB-PO',NULL,NULL,NULL,NULL,'NEW CBR 250R AB','CBR250RAF 4IN M','PUTIH ORANGE ME'),('FA0-BK',NULL,NULL,NULL,NULL,'PCX','WW125EXS(B)-IN ','BLACK'),('FA0-GD',NULL,NULL,NULL,NULL,'PCX','WW125EXS(B)-IN ','GOLD'),('FA0-SV',NULL,NULL,NULL,NULL,'PCX','WW125EXS(B)-IN ','SILVER'),('FA0-WH',NULL,NULL,NULL,NULL,'PCX','WW125EXS(B)-IN ','WHITE'),('FC0-99',NULL,NULL,NULL,NULL,'VARIO TECHNO NO','NC11A3C A/T','BLACK NO STRIPE'),('FC0-BH',NULL,NULL,NULL,NULL,'VARIO TECHNO NO','NC11A3C A/T','BIRU HITAM'),('FC0-HS',NULL,NULL,NULL,NULL,'VARIO TECHNO NO','NC11A3C A/T','HITAM SILVER'),('FC0-MH',NULL,NULL,NULL,NULL,'VARIO TECHNO NO','NC11A3C A/T','MERAH HITAM'),('FC0-PV',NULL,NULL,NULL,NULL,'VARIO TECHNO NO','NC11A3C A/T','PUTIH VIOLET'),('FC1-BK',NULL,NULL,NULL,NULL,'VARIO TECHNO NO','NC11A3C1 A/T','BLACK'),('FC1-GH',NULL,NULL,NULL,NULL,'VARIO TECHNO NO','NC11A3C1 A/T','HIJAU HITAM'),('FC1-MH',NULL,NULL,NULL,NULL,'VARIO TECHNO NO','NC11A3C1 A/T','MERAH HITAM'),('FC1-PH',NULL,NULL,NULL,NULL,'VARIO TECHNO NO','NC11A3C1 A/T','PUTIH HITAM'),('FD0-99',NULL,NULL,NULL,NULL,'NEW VARIO TECHN','NC11A3CB A/T','BLACK NO STRIPE'),('FD0-HM',NULL,NULL,NULL,NULL,'NEW VARIO TECHN','NC11A3CB A/T','HITAM MERAH'),('FD0-PS',NULL,NULL,NULL,NULL,'NEW VARIO TECHN','NC11A3CB A/T','PUTIH SILVER'),('FD0-VS',NULL,NULL,NULL,NULL,'NEW VARIO TECHN','NC11A3CB A/T','VIOLET - SILVER'),('FD1-HM',NULL,NULL,NULL,NULL,'NEW VARIO TECHN','NC11A3CB1 A/T','HITAM MERAH'),('FD1-PM',NULL,NULL,NULL,NULL,'NEW VARIO TECHN','NC11A3CB1 A/T','PUTIH MERAH'),('FD1-VS',NULL,NULL,NULL,NULL,'NEW VARIO TECHN','NC11A3CB1 A/T','VIOLET - SILVER'),('FE0-99',NULL,NULL,NULL,NULL,'NEW VARIO','NC110A1C A/T','BLACK NO STRIPE'),('FE0-HS',NULL,NULL,NULL,NULL,'NEW VARIO','NC110A1C A/T','HITAM SILVER'),('FE0-MS',NULL,NULL,NULL,NULL,'NEW VARIO','NC110A1C A/T','MERAH SILVER'),('FE0-PR',NULL,NULL,NULL,NULL,'NEW VARIO','NC110A1C A/T','PINK SILVER'),('FE0-PS',NULL,NULL,NULL,NULL,'NEW VARIO','NC110A1C A/T','PUTIH SILVER'),('FE1-HS',NULL,NULL,NULL,NULL,'NEW VARIO','NC110A1C1 A/T','HITAM SILVER'),('FE1-MS',NULL,NULL,NULL,NULL,'NEW VARIO','NC110A1C1 A/T','MERAH SILVER'),('FE1-PB',NULL,NULL,NULL,NULL,'NEW VARIO','NC110A1C1 A/T','PUTIH BIRU'),('FE1-PF',NULL,NULL,NULL,NULL,'NEW VARIO','NC110A1C1 A/T','PUTIH PINK'),('FE1-PJ',NULL,NULL,NULL,NULL,'NEW VARIO','NC110A1C1 A/T','PUTIH HIJAU'),('FE2-BK',NULL,NULL,NULL,NULL,'NEW VARIO','NC110A1C2 A/T','BLACK'),('FE2-BP',NULL,NULL,NULL,NULL,'NEW VARIO','NC110A1C2 A/T','BIRU PUTIH'),('FE2-MH',NULL,NULL,NULL,NULL,'NEW VARIO','NC110A1C2 A/T','MERAH HITAM'),('FE2-PH',NULL,NULL,NULL,NULL,'NEW VARIO','NC110A1C2 A/T','PUTIH HITAM'),('FF0-99',NULL,NULL,NULL,NULL,'REVO FIT','NF11B2D1 M/T','BLACK NO STRIPE'),('FF0-BB',NULL,NULL,NULL,NULL,'REVO FIT','NF11B2D1 M/T','BLACK BLUE'),('FF0-BG',NULL,NULL,NULL,NULL,'REVO FIT','NF11B2D1 M/T','BLACK GREEN'),('FF0-BR',NULL,NULL,NULL,NULL,'REVO FIT','NF11B2D1 M/T','BLACK RED'),('FF0-BS',NULL,NULL,NULL,NULL,'REVO FIT','NF11B2D1 M/T','BLACK SILVER'),('FF1-BB',NULL,NULL,NULL,NULL,'REVO FIT','NF11B2D11M/T','BLACK BLUE'),('FF1-BG',NULL,NULL,NULL,NULL,'REVO FIT','NF11B2D11M/T','BLACK GREEN'),('FF1-BR',NULL,NULL,NULL,NULL,'REVO FIT','NF11B2D11M/T','BLACK RED'),('FF2-BB',NULL,NULL,NULL,NULL,'REVO FIT','NF11B2D12 M/T','BLACK BLUE'),('FF2-BG',NULL,NULL,NULL,NULL,'REVO FIT','NF11B2D12 M/T','BLACK GREEN'),('FF2-BR',NULL,NULL,NULL,NULL,'REVO FIT','NF11B2D12 M/T','BLACK RED'),('FF2-OR',NULL,NULL,NULL,NULL,'REVO FIT','NF11B2D12 M/T','ORANGE'),('FG0-95',NULL,NULL,NULL,NULL,'REVO SPOKE','NF11B2DA1 M/T','PUTIH NO STRIPE'),('FG0-99',NULL,NULL,NULL,NULL,'REVO SPOKE','NF11B2DA1 M/T','BLACK NO STRIPE'),('FG0-BK',NULL,NULL,NULL,NULL,'REVO SPOKE','NF11B2DA1 M/T','BLACK'),('FG0-HA',NULL,NULL,NULL,NULL,'REVO SPOKE','NF11B2DA1 M/T','HITAM-ABU ABU'),('FG0-HB',NULL,NULL,NULL,NULL,'REVO SPOKE','NF11B2DA1 M/T','HITAM BIRU'),('FG0-HM',NULL,NULL,NULL,NULL,'REVO SPOKE','NF11B2DA1 M/T','HITAM MERAH'),('FG1-BK',NULL,NULL,NULL,NULL,'REVO SPOKE','NF11B2DA11M/T','BLACK'),('FG1-HB',NULL,NULL,NULL,NULL,'REVO SPOKE','NF11B2DA11M/T','HITAM BIRU'),('FG1-HH',NULL,NULL,NULL,NULL,'REVO SPOKE','NF11B2DA11M/T','HITAM-HIJAU'),('FG1-HM',NULL,NULL,NULL,NULL,'REVO SPOKE','NF11B2DA11M/T','HITAM MERAH'),('FG2-95',NULL,NULL,NULL,NULL,'REVO SPOKE','NF11B2DA12 M/T','PUTIH NO STRIPE'),('FG2-BK',NULL,NULL,NULL,NULL,'REVO SPOKE','NF11B2DA12 M/T','BLACK'),('FG2-HB',NULL,NULL,NULL,NULL,'REVO SPOKE','NF11B2DA12 M/T','HITAM BIRU'),('FG2-HH',NULL,NULL,NULL,NULL,'REVO SPOKE','NF11B2DA12 M/T','HITAM-HIJAU'),('FG2-HM',NULL,NULL,NULL,NULL,'REVO SPOKE','NF11B2DA12 M/T','HITAM MERAH'),('FG2-OR',NULL,NULL,NULL,NULL,'REVO SPOKE','NF11B2DA12 M/T','ORANGE'),('FH0-99',NULL,NULL,NULL,NULL,'REVO CW','NF11B2C1 M/T','BLACK NO STRIPE'),('FH0-BK',NULL,NULL,NULL,NULL,'REVO CW','NF11B2C1 M/T','BLACK'),('FH0-HA',NULL,NULL,NULL,NULL,'REVO CW','NF11B2C1 M/T','HITAM-ABU ABU'),('FH0-HB',NULL,NULL,NULL,NULL,'REVO CW','NF11B2C1 M/T','HITAM BIRU'),('FH0-HM',NULL,NULL,NULL,NULL,'REVO CW','NF11B2C1 M/T','HITAM MERAH'),('FH1-95',NULL,NULL,NULL,NULL,'REVO CW','NF11B2C11M/T','PUTIH NO STRIPE'),('FH1-BK',NULL,NULL,NULL,NULL,'REVO CW','NF11B2C11M/T','BLACK'),('FH1-HB',NULL,NULL,NULL,NULL,'REVO CW','NF11B2C11M/T','HITAM BIRU'),('FH1-HH',NULL,NULL,NULL,NULL,'REVO CW','NF11B2C11M/T','HITAM-HIJAU'),('FH1-HM',NULL,NULL,NULL,NULL,'REVO CW','NF11B2C11M/T','HITAM MERAH'),('FH2-BK',NULL,NULL,NULL,NULL,'REVO CW','NF11B2C12 M/T','BLACK'),('FH2-HB',NULL,NULL,NULL,NULL,'REVO CW','NF11B2C12 M/T','HITAM BIRU'),('FH2-HH',NULL,NULL,NULL,NULL,'REVO CW','NF11B2C12 M/T','HITAM-HIJAU'),('FH2-HM',NULL,NULL,NULL,NULL,'REVO CW','NF11B2C12 M/T','HITAM MERAH'),('FJ0-99',NULL,NULL,NULL,NULL,'SPACY SW HELM I','NC11D1D A/T','BLACK NO STRIPE'),('FJ0-BH',NULL,NULL,NULL,NULL,'SPACY SW HELM I','NC11D1D A/T','BIRU HITAM'),('FJ0-BR',NULL,NULL,NULL,NULL,'SPACY SW HELM I','NC11D1D A/T','BLACK RED'),('FJ0-GH',NULL,NULL,NULL,NULL,'SPACY SW HELM I','NC11D1D A/T','HIJAU HITAM'),('FJ0-MH',NULL,NULL,NULL,NULL,'SPACY SW HELM I','NC11D1D A/T','MERAH HITAM'),('FJ0-PH',NULL,NULL,NULL,NULL,'SPACY SW HELM I','NC11D1D A/T','PUTIH HITAM'),('FK0-99',NULL,NULL,NULL,NULL,'SPACY CW HELM I','NC11D1C A/T','BLACK NO STRIPE'),('FK0-BH',NULL,NULL,NULL,NULL,'SPACY CW HELM I','NC11D1C A/T','BIRU HITAM'),('FK0-BR',NULL,NULL,NULL,NULL,'SPACY CW HELM I','NC11D1C A/T','BLACK RED'),('FK0-GH',NULL,NULL,NULL,NULL,'SPACY CW HELM I','NC11D1C A/T','HIJAU HITAM'),('FK0-MH',NULL,NULL,NULL,NULL,'SPACY CW HELM I','NC11D1C A/T','MERAH HITAM'),('FK0-PH',NULL,NULL,NULL,NULL,'SPACY CW HELM I','NC11D1C A/T','PUTIH HITAM'),('FL0-00',NULL,NULL,NULL,NULL,'SUPRA X 125 CW ','NF12A1C M/T','DUMMY'),('FL0-99',NULL,NULL,NULL,NULL,'SUPRA X 125 CW ','NF12A1C M/T','BLACK NO STRIPE'),('FL0-PJ',NULL,NULL,NULL,NULL,'SUPRA X 125 CW ','NF12A1C M/T','PUTIH HIJAU'),('FL0-PM',NULL,NULL,NULL,NULL,'SUPRA X 125 CW ','NF12A1C M/T','PUTIH MERAH'),('FL0-SA',NULL,NULL,NULL,NULL,'SUPRA X 125 CW ','NF12A1C M/T','SILVER ABU-ABU'),('FL0-SB',NULL,NULL,NULL,NULL,'SUPRA X 125 CW ','NF12A1C M/T','SILVER BIRU'),('FM0-00',NULL,NULL,NULL,NULL,'SUPRA X 125 HEL','NF12A1CF M/T','DUMMY'),('FM0-99',NULL,NULL,NULL,NULL,'SUPRA X 125 HEL','NF12A1CF M/T','BLACK NO STRIPE'),('FM0-MH',NULL,NULL,NULL,NULL,'SUPRA X 125 HEL','NF12A1CF M/T','MERAH HITAM'),('FM0-SB',NULL,NULL,NULL,NULL,'SUPRA X 125 HEL','NF12A1CF M/T','SILVER BIRU'),('FM0-VH',NULL,NULL,NULL,NULL,'SUPRA X 125 HEL','NF12A1CF M/T','VIOLET HITAM'),('FM1-95',NULL,NULL,NULL,NULL,'SUPRA X 125 HEL','NF12A1CF1 M/T','PUTIH NO STRIPE'),('FM1-BR',NULL,NULL,NULL,NULL,'SUPRA X 125 HEL','NF12A1CF1 M/T','BLACK RED'),('FM1-GH',NULL,NULL,NULL,NULL,'SUPRA X 125 HEL','NF12A1CF1 M/T','HIJAU HITAM'),('FM1-MH',NULL,NULL,NULL,NULL,'SUPRA X 125 HEL','NF12A1CF1 M/T','MERAH HITAM'),('FM1-PM',NULL,NULL,NULL,NULL,'SUPRA X 125 HEL','NF12A1CF1 M/T','PUTIH MERAH'),('FM2-BR',NULL,NULL,NULL,NULL,'SUPRA X 125 HEL','NF12A1CF2 M/T','BLACK RED'),('FM2-CH',NULL,NULL,NULL,NULL,'SUPRA X 125 HEL','NF12A1CF2 M/T','COKLAT HITAM'),('FM2-MH',NULL,NULL,NULL,NULL,'SUPRA X 125 HEL','NF12A1CF2 M/T','MERAH HITAM'),('FM3-00',NULL,NULL,NULL,NULL,'SUPRA X 125 HEL','NF12A1CF3 M/T','DUMMY'),('FM3-BB',NULL,NULL,NULL,NULL,'SUPRA X 125 HEL','NF12A1CF3 M/T','BLACK BLUE'),('FM3-BR',NULL,NULL,NULL,NULL,'SUPRA X 125 HEL','NF12A1CF3 M/T','BLACK RED'),('FM3-BV',NULL,NULL,NULL,NULL,'SUPRA X 125 HEL','NF12A1CF3 M/T','BLACK VIOLET'),('FN0-00',NULL,NULL,NULL,NULL,'SCOOPY FI','NC11CF1C A/T','DUMMY'),('FN0-BC',NULL,NULL,NULL,NULL,'SCOOPY FI','NC11CF1C A/T','BIRU-KREM'),('FN0-HW',NULL,NULL,NULL,NULL,'SCOOPY FI','NC11CF1C A/T','HITAM-BEIGE'),('FN0-KC',NULL,NULL,NULL,NULL,'SCOOPY FI','NC11CF1C A/T','KREM-COKLAT'),('FN0-MK',NULL,NULL,NULL,NULL,'SCOOPY FI','NC11CF1C A/T','MERAH-KREM'),('FNA-00',NULL,NULL,NULL,NULL,'SCOOPY FI','NC11CF1CS A/T','DUMMY'),('FNA-BC',NULL,NULL,NULL,NULL,'SCOOPY FI','NC11CF1CS A/T','BIRU-KREM'),('FNA-HM',NULL,NULL,NULL,NULL,'SCOOPY FI','NC11CF1CS A/T','HITAM MERAH'),('FNA-KR',NULL,NULL,NULL,NULL,'SCOOPY FI','NC11CF1CS A/T','KREM-MERAH'),('FP0-00',NULL,NULL,NULL,NULL,'BLADE R','NF11C1C M/T','DUMMY'),('FP0-99',NULL,NULL,NULL,NULL,'BLADE','NF11C1C M/T','BLACK NO STRIPE'),('FP0-BZ',NULL,NULL,NULL,NULL,'BLADE','NF11C1C M/T','BIRU - SILVER'),('FP0-HM',NULL,NULL,NULL,NULL,'BLADE R','NF11C1C M/T','HITAM MERAH'),('FP0-HS',NULL,NULL,NULL,NULL,'BLADE R','NF11C1C M/T','HITAM SILVER'),('FP0-HT',NULL,NULL,NULL,NULL,'BLADE R','NF11C1C M/T','HIJAU PUTIH'),('FP0-MS',NULL,NULL,NULL,NULL,'BLADE R','NF11C1C M/T','MERAH SILVER'),('FP1-00',NULL,NULL,NULL,NULL,'BLADE R','NF11C1C1 M/T','DUMMY'),('FP1-HM',NULL,NULL,NULL,NULL,'BLADE R','NF11C1C1 M/T','HITAM MERAH'),('FP1-PM',NULL,NULL,NULL,NULL,'BLADE R','NF11C1C1 M/T','PUTIH MERAH'),('FPA-00',NULL,NULL,NULL,NULL,'BLADE','NF11C1CA M/T','DUMMY'),('FPA-99',NULL,NULL,NULL,NULL,'BLADE','NF11C1CA M/T','BLACK NO STRIPE'),('FPA-OH',NULL,NULL,NULL,NULL,'BLADE','NF11C1CA M/T','ORANGE HITAM'),('FR0-00',NULL,NULL,NULL,NULL,'SPACY CW HELM I','NC11D1CF A/T','DUMMY'),('FR0-BH',NULL,NULL,NULL,NULL,'SPACY CW HELM I','NC11D1CF A/T','BIRU HITAM'),('FR0-BR',NULL,NULL,NULL,NULL,'SPACY CW HELM I','NC11D1CF A/T','BLACK RED'),('FR0-GH',NULL,NULL,NULL,NULL,'SPACY CW HELM I','NC11D1CF A/T','HIJAU HITAM'),('FR0-MH',NULL,NULL,NULL,NULL,'SPACY CW HELM I','NC11D1CF A/T','MERAH HITAM'),('FR0-PH',NULL,NULL,NULL,NULL,'SPACY CW HELM I','NC11D1CF A/T','PUTIH HITAM'),('FR1-BH',NULL,NULL,NULL,NULL,'SPACY CW HELM I','NC11D1CF1 A/T','BIRU HITAM'),('FR1-BR',NULL,NULL,NULL,NULL,'SPACY CW HELM I','NC11D1CF1 A/T','BLACK RED'),('FR1-MH',NULL,NULL,NULL,NULL,'SPACY CW HELM I','NC11D1CF1 A/T','MERAH HITAM'),('FR1-PH',NULL,NULL,NULL,NULL,'SPACY CW HELM I','NC11D1CF1 A/T','PUTIH HITAM'),('FR2-00',NULL,NULL,NULL,NULL,'SPACY CW HELM I','NC11D1CF2 A/T','DUMMY'),('FR2-BR',NULL,NULL,NULL,NULL,'SPACY CW HELM I','NC11D1CF2 A/T','BLACK RED'),('FR2-MH',NULL,NULL,NULL,NULL,'SPACY CW HELM I','NC11D1CF2 A/T','MERAH HITAM'),('FR2-PH',NULL,NULL,NULL,NULL,'SPACY CW HELM I','NC11D1CF2 A/T','PUTIH HITAM'),('FS0-00',NULL,NULL,NULL,NULL,'NEW VARIO TECHN','NC12A1CF A/T','DUMMY'),('FS0-BK',NULL,NULL,NULL,NULL,'NEW VARIO TECHN','NC12A1CF A/T','BLACK'),('FS0-OR',NULL,NULL,NULL,NULL,'NEW VARIO TECHN','NC12A1CF A/T','ORANGE'),('FS0-RD',NULL,NULL,NULL,NULL,'NEW VARIO TECHN','NC12A1CF A/T','RED'),('FS0-WL',NULL,NULL,NULL,NULL,'NEW VARIO TECHN','NC12A1CF A/T','WHITE BLUE'),('FS0-WS',NULL,NULL,NULL,NULL,'NEW VARIO TECHN','NC12A1CF A/T','WHITE SILVER'),('FS1-00',NULL,NULL,NULL,NULL,'NEW VARIO TECHN','NC12A1CF1 A/T','DUMMY'),('FS1-BK',NULL,NULL,NULL,NULL,'NEW VARIO TECHN','NC12A1CF1 A/T','BLACK'),('FS1-RD',NULL,NULL,NULL,NULL,'NEW VARIO TECHN','NC12A1CF1 A/T','RED'),('FS1-WL',NULL,NULL,NULL,NULL,'NEW VARIO TECHN','NC12A1CF1 A/T','WHITE BLUE'),('FS1-WR',NULL,NULL,NULL,NULL,'NEW VARIO TECHN','NC12A1CF1 A/T','WHITE RED'),('FS1-WS',NULL,NULL,NULL,NULL,'NEW VARIO TECHN','NC12A1CF1 A/T','WHITE SILVER'),('FT0-00',NULL,NULL,NULL,NULL,'NEW VARIO CBS P','NC12A1CBF A/T','DUMMY'),('FT0-BK',NULL,NULL,NULL,NULL,'NEW VARIO CBS P','NC12A1CBF A/T','BLACK'),('FT0-RD',NULL,NULL,NULL,NULL,'NEW VARIO CBS P','NC12A1CBF A/T','RED'),('FT0-VO',NULL,NULL,NULL,NULL,'NEW VARIO CBS P','NC12A1CBF A/T','VIOLET'),('FT0-WH',NULL,NULL,NULL,NULL,'NEW VARIO CBS P','NC12A1CBF A/T','WHITE'),('FV0-00',NULL,NULL,NULL,NULL,'BEAT FI SW','NC11BF1D A/T','DUMMY'),('FV0-BK',NULL,NULL,NULL,NULL,'BEAT FI SW','NC11BF1D A/T','BLACK'),('FV0-RD',NULL,NULL,NULL,NULL,'BEAT FI SW','NC11BF1D A/T','RED'),('FV0-WH',NULL,NULL,NULL,NULL,'BEAT FI SW','NC11BF1D A/T','WHITE'),('FW0-00',NULL,NULL,NULL,NULL,'BEAT FI CW','NC11BF1C A/T','DUMMY'),('FW0-BK',NULL,NULL,NULL,NULL,'BEAT FI CW','NC11BF1C A/T','BLACK'),('FW0-BP',NULL,NULL,NULL,NULL,'BEAT FI CW','NC11BF1C A/T','BIRU PUTIH'),('FW0-HT',NULL,NULL,NULL,NULL,'BEAT FI CW','NC11BF1C A/T','HIJAU PUTIH'),('FW0-OB',NULL,NULL,NULL,NULL,'BEAT FI CW','NC11BF1C A/T','ORANGE BIRU'),('FW0-RD',NULL,NULL,NULL,NULL,'BEAT FI CW','NC11BF1C A/T','RED'),('FW0-WH',NULL,NULL,NULL,NULL,'BEAT FI CW','NC11BF1C A/T','WHITE'),('FX0-00',NULL,NULL,NULL,NULL,'BEAT FI CBS','NC11BF1CB A/T','DUMMY'),('FX0-BH',NULL,NULL,NULL,NULL,'BEAT FI CBS','NC11BF1CB A/T','BIRU HITAM'),('FX0-BK',NULL,NULL,NULL,NULL,'BEAT FI CBS','NC11BF1CB A/T','BLACK'),('FX0-OB',NULL,NULL,NULL,NULL,'BEAT FI CBS','NC11BF1CB A/T','ORANGE BIRU'),('FX0-RD',NULL,NULL,NULL,NULL,'BEAT FI CBS','NC11BF1CB A/T','RED'),('FX0-WH',NULL,NULL,NULL,NULL,'BEAT FI CBS','NC11BF1CB A/T','WHITE'),('FXX-BH',NULL,NULL,NULL,NULL,'BEAT FI CBS A','NC11BF1CB A/T A','BIRU HITAM'),('FXX-BK',NULL,NULL,NULL,NULL,'BEAT FI CBS A','NC11BF1CB A/T A','BLACK'),('FXX-OB',NULL,NULL,NULL,NULL,'BEAT FI CBS A','NC11BF1CB A/T A','ORANGE BIRU'),('FXX-RD',NULL,NULL,NULL,NULL,'BEAT FI CBS A','NC11BF1CB A/T A','RED'),('FXX-WH',NULL,NULL,NULL,NULL,'BEAT FI CBS A','NC11BF1CB A/T A','WHITE'),('FY0-BK',NULL,NULL,NULL,NULL,'PCX 150','WW150D(IN) A/T','BLACK'),('FY0-RD',NULL,NULL,NULL,NULL,'PCX 150','WW150D(IN) A/T','RED'),('FY0-WH',NULL,NULL,NULL,NULL,'PCX 150','WW150D(IN) A/T','WHITE'),('FZ0-00',NULL,NULL,NULL,NULL,'BLADE S','NF11C1CD M/T','DUMMY'),('FZ0-HM',NULL,NULL,NULL,NULL,'BLADE S','NF11C1CD M/T','HITAM MERAH'),('FZ0-HV',NULL,NULL,NULL,NULL,'BLADE S','NF11C1CD M/T','HITAM VIOLET'),('FZ0-PM',NULL,NULL,NULL,NULL,'BLADE S','NF11C1CD M/T','PUTIH MERAH'),('GA0-00',NULL,NULL,NULL,NULL,'VARIO TECHNO 12','NC12AF2CBI A/T','DUMMY'),('GA0-99',NULL,NULL,NULL,NULL,'VARIO TECHNO 12','NC12AF2CBI A/T','BLACK NO STRIPE'),('GA0-BK',NULL,NULL,NULL,NULL,'VARIO TECHNO 12','NC12AF2CBI A/T','BLACK'),('GA0-BL',NULL,NULL,NULL,NULL,'VARIO TECHNO 12','NC12AF2CBI A/T','BLUE'),('GA0-RD',NULL,NULL,NULL,NULL,'VARIO TECHNO 12','NC12AF2CBI A/T','RED'),('GA0-WS',NULL,NULL,NULL,NULL,'VARIO TECHNO 12','NC12AF2CBI A/T','WHITE SILVER'),('GAX-BK',NULL,NULL,NULL,NULL,'VARIO TECHNO 12','NC12AF2CBI A/T ','BLACK'),('GAX-BL',NULL,NULL,NULL,NULL,'VARIO TECHNO 12','NC12AF2CBI A/T ','BLUE'),('GAX-RD',NULL,NULL,NULL,NULL,'VARIO TECHNO 12','NC12AF2CBI A/T ','RED'),('GAX-WS',NULL,NULL,NULL,NULL,'VARIO TECHNO 12','NC12AF2CBI A/T ','WHITE SILVER'),('GB0-00',NULL,NULL,NULL,NULL,'REVO FIT FI','NF11T11C01 M/T','DUMMY'),('GB0-BB',NULL,NULL,NULL,NULL,'REVO FIT FI','NF11T11C01 M/T','BLACK BLUE'),('GB0-BG',NULL,NULL,NULL,NULL,'REVO FIT FI','NF11T11C01 M/T','BLACK GREEN'),('GB0-BR',NULL,NULL,NULL,NULL,'REVO FIT FI','NF11T11C01 M/T','BLACK RED'),('GC0-00',NULL,NULL,NULL,NULL,'REVO SW FI','NF11T11C02 M/T','DUMMY'),('GC0-BH',NULL,NULL,NULL,NULL,'REVO SW FI','NF11T11C02 M/T','BIRU HITAM'),('GC0-BK',NULL,NULL,NULL,NULL,'REVO SW FI','NF11T11C02 M/T','BLACK'),('GC0-GH',NULL,NULL,NULL,NULL,'REVO SW FI','NF11T11C02 M/T','HIJAU HITAM'),('GC0-MH',NULL,NULL,NULL,NULL,'REVO SW FI','NF11T11C02 M/T','MERAH HITAM'),('GD0-00',NULL,NULL,NULL,NULL,'REVO CW FI','NF11T11C03 M/T','DUMMY'),('GD0-BH',NULL,NULL,NULL,NULL,'REVO CW FI','NF11T11C03 M/T','BIRU HITAM'),('GD0-BK',NULL,NULL,NULL,NULL,'REVO CW FI','NF11T11C03 M/T','BLACK'),('GD0-GH',NULL,NULL,NULL,NULL,'REVO CW FI','NF11T11C03 M/T','HIJAU HITAM'),('GD0-MH',NULL,NULL,NULL,NULL,'REVO CW FI','NF11T11C03 M/T','MERAH HITAM'),('GE0-00',NULL,NULL,NULL,NULL,'NEW SUPRA X 125','AFX12U21C07 M/T','DUMMY'),('GE0-BH',NULL,NULL,NULL,NULL,'NEW SUPRA X 125','AFX12U21C07 M/T','BIRU HITAM'),('GE0-BK',NULL,NULL,NULL,NULL,'NEW SUPRA X 125','AFX12U21C07 M/T','BLACK'),('GE0-MH',NULL,NULL,NULL,NULL,'NEW SUPRA X 125','AFX12U21C07 M/T','MERAH HITAM'),('GF0-00',NULL,NULL,NULL,NULL,'NEW SUPRA X 125','AFX12U21C08 M/T','DUMMY'),('GF0-BH',NULL,NULL,NULL,NULL,'NEW SUPRA X 125','AFX12U21C08 M/T','BIRU HITAM'),('GF0-BK',NULL,NULL,NULL,NULL,'NEW SUPRA X 125','AFX12U21C08 M/T','BLACK'),('GF0-MH',NULL,NULL,NULL,NULL,'NEW SUPRA X 125','AFX12U21C08 M/T','MERAH HITAM'),('GF0-PH',NULL,NULL,NULL,NULL,'NEW SUPRA X 125','AFX12U21C08 M/T','PUTIH HITAM'),('GG0-00',NULL,NULL,NULL,NULL,'NEW BLADE S 125','AFP12W21C03 M/T','DUMMY'),('GG0-HM',NULL,NULL,NULL,NULL,'NEW BLADE S 125','AFP12W21C03 M/T','HITAM MERAH'),('GG0-PM',NULL,NULL,NULL,NULL,'NEW BLADE S 125','AFP12W21C03 M/T','PUTIH MERAH'),('GH0-00',NULL,NULL,NULL,NULL,'NEW BLADE R 125','AFP12W21C08 M/T','DUMMY'),('GH0-HM',NULL,NULL,NULL,NULL,'NEW BLADE R 125','AFP12W21C08 M/T','HITAM MERAH'),('GH0-PM',NULL,NULL,NULL,NULL,'NEW BLADE R 125','AFP12W21C08 M/T','PUTIH MERAH'),('GHA-00',NULL,NULL,NULL,NULL,'NEW BLADE R 125','AFP12W21C08A M/','DUMMY'),('GHA-OH',NULL,NULL,NULL,NULL,'NEW BLADE R 125','AFP12W21C08A M/','ORANGE HITAM'),('GJ0-00',NULL,NULL,NULL,NULL,'VARIO FI','ATI1I21B01 A/T','DUMMY'),('GJ0-BL',NULL,NULL,NULL,NULL,'VARIO FI','ATI1I21B01 A/T','BLUE'),('GJ0-BR',NULL,NULL,NULL,NULL,'VARIO FI','ATI1I21B01 A/T','BLACK RED'),('GJ0-RD',NULL,NULL,NULL,NULL,'VARIO FI','ATI1I21B01 A/T','RED'),('GJ0-WL',NULL,NULL,NULL,NULL,'VARIO FI','ATI1I21B01 A/T','WHITE BLUE'),('GJ0-WR',NULL,NULL,NULL,NULL,'VARIO FI','ATI1I21B01 A/T','WHITE RED'),('GJX-BL',NULL,NULL,NULL,NULL,'VARIO FI A','ATI1I21B01 A/T ','BLUE'),('GJX-BR',NULL,NULL,NULL,NULL,'VARIO FI A','ATI1I21B01 A/T ','BLACK RED'),('GJX-RD',NULL,NULL,NULL,NULL,'VARIO FI A','ATI1I21B01 A/T ','RED'),('GJX-WL',NULL,NULL,NULL,NULL,'VARIO FI A','ATI1I21B01 A/T ','WHITE BLUE'),('GJX-WR',NULL,NULL,NULL,NULL,'VARIO FI A','ATI1I21B01 A/T ','WHITE RED'),('GK0-00',NULL,NULL,NULL,NULL,'VARIO TECHNO 12','ACB2J21B02 A/T','DUMMY'),('GK0-BK',NULL,NULL,NULL,NULL,'VARIO TECHNO 12','ACB2J21B02 A/T','BLACK'),('GK0-RD',NULL,NULL,NULL,NULL,'VARIO TECHNO 12','ACB2J21B02 A/T','RED'),('GK0-WL',NULL,NULL,NULL,NULL,'VARIO TECHNO 12','ACB2J21B02 A/T','WHITE BLUE'),('GK0-WR',NULL,NULL,NULL,NULL,'VARIO TECHNO 12','ACB2J21B02 A/T','WHITE RED'),('GK0-WS',NULL,NULL,NULL,NULL,'VARIO TECHNO 12','ACB2J21B02 A/T','WHITE SILVER'),('GL0-00',NULL,NULL,NULL,NULL,'VARIO TECHNO 12','ACB2J22B03 A/T','DUMMY'),('GL0-BK',NULL,NULL,NULL,NULL,'VARIO TECHNO 12','ACB2J22B03 A/T','BLACK'),('GL0-BL',NULL,NULL,NULL,NULL,'VARIO TECHNO 12','ACB2J22B03 A/T','BLUE'),('GL0-BW',NULL,NULL,NULL,NULL,'VARIO TECHNO 12','ACB2J22B03 A/T','BROWN'),('GL0-RD',NULL,NULL,NULL,NULL,'VARIO TECHNO 12','ACB2J22B03 A/T','RED'),('GL0-WS',NULL,NULL,NULL,NULL,'VARIO TECHNO 12','ACB2J22B03 A/T','WHITE SILVER'),('GLX-BK',NULL,NULL,NULL,NULL,'VARIO TECHNO 12','ACB2J22B03 A/T ','BLACK'),('GLX-BL',NULL,NULL,NULL,NULL,'VARIO TECHNO 12','ACB2J22B03 A/T ','BLUE'),('GLX-BW',NULL,NULL,NULL,NULL,'VARIO TECHNO 12','ACB2J22B03 A/T ','BROWN'),('GLX-RD',NULL,NULL,NULL,NULL,'VARIO TECHNO 12','ACB2J22B03 A/T ','RED'),('GLX-WS',NULL,NULL,NULL,NULL,'VARIO TECHNO 12','ACB2J22B03 A/T ','WHITE SILVER'),('GM0-99',NULL,NULL,NULL,NULL,'BEAT SW FI MMC','ACH1M21B04 A/T','BLACK NO STRIPE'),('GM0-BR',NULL,NULL,NULL,NULL,'BEAT SW FI MMC','ACH1M21B04 A/T','BLACK RED'),('GM0-RD',NULL,NULL,NULL,NULL,'BEAT SW FI MMC','ACH1M21B04 A/T','RED'),('GM0-WL',NULL,NULL,NULL,NULL,'BEAT SW FI MMC','ACH1M21B04 A/T','WHITE BLUE'),('GN0-99',NULL,NULL,NULL,NULL,'BEAT CW FI MMC','ACH1M21B04A A/T','BLACK NO STRIPE'),('GN0-BR',NULL,NULL,NULL,NULL,'BEAT CW FI MMC','ACH1M21B04A A/T','BLACK RED'),('GN0-RD',NULL,NULL,NULL,NULL,'BEAT CW FI MMC','ACH1M21B04A A/T','RED'),('GN0-WL',NULL,NULL,NULL,NULL,'BEAT CW FI MMC','ACH1M21B04A A/T','WHITE BLUE'),('GN0-WR',NULL,NULL,NULL,NULL,'BEAT CW FI MMC','ACH1M21B04A A/T','WHITE RED'),('GNA-99',NULL,NULL,NULL,NULL,'BEAT CW FI MMC','ACH1M21B04S A/T','BLACK NO STRIPE'),('GNA-BY',NULL,NULL,NULL,NULL,'BEAT CW FI MMC','ACH1M21B04S A/T','BLACK YELLOW'),('GNA-OP',NULL,NULL,NULL,NULL,'BEAT CW FI MMC','ACH1M21B04S A/T','ORANGE PUTIH'),('GP0-99',NULL,NULL,NULL,NULL,'BEAT CBS FI MMC','ACH1M21B05 A/T','BLACK NO STRIPE'),('GP0-BR',NULL,NULL,NULL,NULL,'BEAT CBS FI MMC','ACH1M21B05 A/T','BLACK RED'),('GP0-RD',NULL,NULL,NULL,NULL,'BEAT CBS FI MMC','ACH1M21B05 A/T','RED'),('GP0-WL',NULL,NULL,NULL,NULL,'BEAT CBS FI MMC','ACH1M21B05 A/T','WHITE BLUE'),('GP0-WR',NULL,NULL,NULL,NULL,'BEAT CBS FI MMC','ACH1M21B05 A/T','WHITE RED'),('GPA-99',NULL,NULL,NULL,NULL,'BEAT CBS FI MMC','ACH1M21B05S A/T','BLACK NO STRIPE'),('GPA-BY',NULL,NULL,NULL,NULL,'BEAT CBS FI MMC','ACH1M21B05S A/T','BLACK YELLOW'),('GPA-OP',NULL,NULL,NULL,NULL,'BEAT CBS FI MMC','ACH1M21B05S A/T','ORANGE PUTIH'),('GPX-BR',NULL,NULL,NULL,NULL,'BEAT CBS FI MMC','ACH1M21B05 A/T ','BLACK RED'),('GPX-RD',NULL,NULL,NULL,NULL,'BEAT CBS FI MMC','ACH1M21B05 A/T ','RED'),('GPX-WL',NULL,NULL,NULL,NULL,'BEAT CBS FI MMC','ACH1M21B05 A/T ','WHITE BLUE'),('GPX-WR',NULL,NULL,NULL,NULL,'BEAT CBS FI MMC','ACH1M21B05 A/T ','WHITE RED'),('GPY-BY',NULL,NULL,NULL,NULL,'BEAT CBS FI MMC','ACH1M21B05S A/T','BLACK YELLOW'),('GPY-OP',NULL,NULL,NULL,NULL,'BEAT CBS FI MMC','ACH1M21B05S A/T','ORANGE PUTIH'),('GR0-00',NULL,NULL,NULL,NULL,'NEW SCOOPY FI','ACF1L21B06 A/T','DUMMY'),('GR0-99',NULL,NULL,NULL,NULL,'NEW SCOOPY FI','ACF1L21B06 A/T','BLACK NO STRIPE'),('GR0-BC',NULL,NULL,NULL,NULL,'NEW SCOOPY FI','ACF1L21B06 A/T','BIRU-KREM'),('GR0-HW',NULL,NULL,NULL,NULL,'NEW SCOOPY FI','ACF1L21B06 A/T','HITAM-BEIGE'),('GR0-KC',NULL,NULL,NULL,NULL,'NEW SCOOPY FI','ACF1L21B06 A/T','KREM-COKLAT'),('GR0-MK',NULL,NULL,NULL,NULL,'NEW SCOOPY FI','ACF1L21B06 A/T','MERAH-KREM'),('GRA-00',NULL,NULL,NULL,NULL,'NEW SCOOPY FI','ACF1L21B06S A/T','DUMMY'),('GRA-99',NULL,NULL,NULL,NULL,'NEW SCOOPY FI','ACF1L21B06S A/T','BLACK NO STRIPE'),('GRA-BC',NULL,NULL,NULL,NULL,'NEW SCOOPY FI','ACF1L21B06S A/T','BIRU-KREM'),('GRA-CR',NULL,NULL,NULL,NULL,'NEW SCOOPY FI','ACF1L21B06S A/T','CREAM'),('GRA-HM',NULL,NULL,NULL,NULL,'NEW SCOOPY FI','ACF1L21B06S A/T','HITAM MERAH'),('GRA-MH',NULL,NULL,NULL,NULL,'NEW SCOOPY FI','ACF1L21B06S A/T','MERAH HITAM'),('GRA-OB',NULL,NULL,NULL,NULL,'NEW SCOOPY FI','ACF1L21B06S A/T','ORANGE BIRU');
/*!40000 ALTER TABLE `mst_item` ENABLE KEYS */;
UNLOCK TABLES;

--
-- Table structure for table `mst_menu`
--

DROP TABLE IF EXISTS `mst_menu`;
/*!40101 SET @saved_cs_client     = @@character_set_client */;
/*!40101 SET character_set_client = utf8 */;
CREATE TABLE `mst_menu` (
  `VMENUID` varchar(11) NOT NULL,
  `DCREA` datetime DEFAULT NULL,
  `DMODI` datetime DEFAULT NULL,
  `VCREABY` varchar(20) DEFAULT NULL,
  `VMODIBY` varchar(20) DEFAULT NULL,
  `NORDERER` int(11) DEFAULT NULL,
  `VIMAGE` varchar(30) DEFAULT NULL,
  `VLOCATION` varchar(30) DEFAULT NULL,
  `VPARENT` varchar(6) DEFAULT NULL,
  `VSTATUS` varchar(1) DEFAULT NULL,
  `VTITLE` varchar(100) DEFAULT NULL,
  PRIMARY KEY (`VMENUID`)
) ENGINE=InnoDB DEFAULT CHARSET=latin1;
/*!40101 SET character_set_client = @saved_cs_client */;

--
-- Dumping data for table `mst_menu`
--

LOCK TABLES `mst_menu` WRITE;
/*!40000 ALTER TABLE `mst_menu` DISABLE KEYS */;
INSERT INTO `mst_menu` (`VMENUID`, `DCREA`, `DMODI`, `VCREABY`, `VMODIBY`, `NORDERER`, `VIMAGE`, `VLOCATION`, `VPARENT`, `VSTATUS`, `VTITLE`) VALUES ('MENU10','2014-08-30 21:50:20',NULL,'saifi',NULL,10,'z-icon-dashboard','uploadPoDealer.zul',NULL,'T','Upload PO'),('MENU20','2014-08-31 18:59:36','2014-08-31 18:59:36','saifi','saifi',20,'z-icon-dashboard','maintainPo.zul',NULL,'T','Maintain PO'),('MENU21','2014-09-02 09:22:06','2014-09-02 09:22:06','saifi','saifi',21,'z-icon-dashboard','approveDo.zul',NULL,'T','Approve DO'),('MENU22','2014-09-01 23:45:02','2014-08-31 18:59:36','saifi','saifi',22,'z-icon-dashboard','prosesPicking.zul',NULL,'T','Proses Picking'),('MENU24','2014-09-01 23:45:51','2014-08-31 18:59:36','saifi','saifi',24,'z-icon-dashboard','suratJalan.zul',NULL,'T','Surat Jalan'),('MENU26','2014-09-01 23:46:33','2014-08-31 18:59:36','saifi','saifi',26,'z-icon-dashboard','stokMasuk.zul',NULL,'T','Stok Masuk'),('MENU28','2014-09-01 23:46:54','2014-08-31 18:59:36','saifi','saifi',28,'z-icon-dashboard','stokKeluar.zul',NULL,'T','Stok Keluar'),('MENU30','2014-08-30 00:13:27',NULL,'saifi',NULL,30,'z-icon-dashboard','mstItem.zul',NULL,'T','Master Item'),('MENU40','2014-08-28 23:58:36',NULL,'saifi',NULL,40,'z-icon-list-alt','uploadStok.zul',NULL,'T','Upload Stok'),('MENU50','2014-08-28 23:10:17',NULL,'saifi',NULL,50,'z-icon-list-alt','stokDetail.zul',NULL,'T','Stok Detail'),('MENU60','2014-08-28 22:26:43',NULL,'saifi',NULL,60,'z-icon-dashboard','stokGlobal.zul',NULL,'T','Stok Global'),('MENU70','2014-08-26 22:59:06',NULL,'saifi',NULL,70,'z-icon-list-alt','mstDealer.zul',NULL,'T','Master Dealer'),('MENU80',NULL,NULL,NULL,NULL,80,'z-icon-list-alt','mstMenu.zul',NULL,'T','Master Menu'),('MENU90',NULL,NULL,NULL,NULL,81,'z-icon-dashboard','mstUser.zul',NULL,'T','Master User');
/*!40000 ALTER TABLE `mst_menu` ENABLE KEYS */;
UNLOCK TABLES;

--
-- Table structure for table `mst_role`
--

DROP TABLE IF EXISTS `mst_role`;
/*!40101 SET @saved_cs_client     = @@character_set_client */;
/*!40101 SET character_set_client = utf8 */;
CREATE TABLE `mst_role` (
  `VROLEID` varchar(20) NOT NULL,
  `DCREA` datetime DEFAULT NULL,
  `DMODI` datetime DEFAULT NULL,
  `VCREABY` varchar(20) DEFAULT NULL,
  `VMODIBY` varchar(20) DEFAULT NULL,
  `VROLENAME` varchar(255) DEFAULT NULL,
  PRIMARY KEY (`VROLEID`)
) ENGINE=InnoDB DEFAULT CHARSET=latin1;
/*!40101 SET character_set_client = @saved_cs_client */;

--
-- Dumping data for table `mst_role`
--

LOCK TABLES `mst_role` WRITE;
/*!40000 ALTER TABLE `mst_role` DISABLE KEYS */;
/*!40000 ALTER TABLE `mst_role` ENABLE KEYS */;
UNLOCK TABLES;

--
-- Table structure for table `mst_user`
--

DROP TABLE IF EXISTS `mst_user`;
/*!40101 SET @saved_cs_client     = @@character_set_client */;
/*!40101 SET character_set_client = utf8 */;
CREATE TABLE `mst_user` (
  `VUSERNAME` varchar(20) NOT NULL,
  `DCREA` datetime DEFAULT NULL,
  `DMODI` datetime DEFAULT NULL,
  `VCREABY` varchar(20) DEFAULT NULL,
  `VMODIBY` varchar(20) DEFAULT NULL,
  `VPASSWORD` varchar(64) NOT NULL,
  `VSTAT` varchar(1) DEFAULT NULL,
  PRIMARY KEY (`VUSERNAME`)
) ENGINE=InnoDB DEFAULT CHARSET=latin1;
/*!40101 SET character_set_client = @saved_cs_client */;

--
-- Dumping data for table `mst_user`
--

LOCK TABLES `mst_user` WRITE;
/*!40000 ALTER TABLE `mst_user` DISABLE KEYS */;
INSERT INTO `mst_user` (`VUSERNAME`, `DCREA`, `DMODI`, `VCREABY`, `VMODIBY`, `VPASSWORD`, `VSTAT`) VALUES ('arya','2014-08-25 23:14:50',NULL,'saifi',NULL,'5882985c8b1e2dce2763072d56a1d6e5','T'),('dessy','2014-08-26 22:24:23',NULL,'saifi',NULL,'7dc46db19361a419ffee0fbd066afa9b','T'),('saifi',NULL,NULL,NULL,NULL,'6b61471b2f5a83b8b259a54f7be262df','T');
/*!40000 ALTER TABLE `mst_user` ENABLE KEYS */;
UNLOCK TABLES;

--
-- Table structure for table `mst_user_role`
--

DROP TABLE IF EXISTS `mst_user_role`;
/*!40101 SET @saved_cs_client     = @@character_set_client */;
/*!40101 SET character_set_client = utf8 */;
CREATE TABLE `mst_user_role` (
  `VROLEID` varchar(20) NOT NULL,
  `VUSERNAME` varchar(20) NOT NULL,
  `DCREA` datetime DEFAULT NULL,
  `DMODI` datetime DEFAULT NULL,
  `VCREABY` varchar(20) DEFAULT NULL,
  `VMODIBY` varchar(20) DEFAULT NULL,
  `VSTAT` varchar(1) DEFAULT NULL,
  PRIMARY KEY (`VROLEID`,`VUSERNAME`),
  KEY `FK_78f0a99449fe4202b9f7a35c414` (`VROLEID`),
  KEY `FK_a4c1fac915684b16946c476b292` (`VUSERNAME`),
  CONSTRAINT `FK_78f0a99449fe4202b9f7a35c414` FOREIGN KEY (`VROLEID`) REFERENCES `mst_role` (`VROLEID`),
  CONSTRAINT `FK_a4c1fac915684b16946c476b292` FOREIGN KEY (`VUSERNAME`) REFERENCES `mst_user` (`VUSERNAME`)
) ENGINE=InnoDB DEFAULT CHARSET=latin1;
/*!40101 SET character_set_client = @saved_cs_client */;

--
-- Dumping data for table `mst_user_role`
--

LOCK TABLES `mst_user_role` WRITE;
/*!40000 ALTER TABLE `mst_user_role` DISABLE KEYS */;
/*!40000 ALTER TABLE `mst_user_role` ENABLE KEYS */;
UNLOCK TABLES;

--
-- Table structure for table `stok_detail`
--

DROP TABLE IF EXISTS `stok_detail`;
/*!40101 SET @saved_cs_client     = @@character_set_client */;
/*!40101 SET character_set_client = utf8 */;
CREATE TABLE `stok_detail` (
  `NO_MESIN` varchar(13) NOT NULL,
  `VCREABY` varchar(255) DEFAULT NULL,
  `DCREA` datetime DEFAULT NULL,
  `VMODIBY` varchar(255) DEFAULT NULL,
  `DMODI` datetime DEFAULT NULL,
  `KD_ITEM` varchar(6) DEFAULT NULL,
  `LOKASI` varchar(10) DEFAULT NULL,
  `NO_PICKLIST` varchar(30) DEFAULT NULL,
  `NO_RANGKA` varchar(13) DEFAULT NULL,
  `STATUS` varchar(1) DEFAULT NULL,
  `THN_PRODUKSI` varchar(4) DEFAULT NULL,
  PRIMARY KEY (`NO_MESIN`)
) ENGINE=InnoDB DEFAULT CHARSET=latin1;
/*!40101 SET character_set_client = @saved_cs_client */;

--
-- Dumping data for table `stok_detail`
--

LOCK TABLES `stok_detail` WRITE;
/*!40000 ALTER TABLE `stok_detail` DISABLE KEYS */;
INSERT INTO `stok_detail` (`NO_MESIN`, `VCREABY`, `DCREA`, `VMODIBY`, `DMODI`, `KD_ITEM`, `LOKASI`, `NO_PICKLIST`, `NO_RANGKA`, `STATUS`, `THN_PRODUKSI`) VALUES ('HB31E1235036',NULL,NULL,NULL,NULL,'BV1-BR',NULL,NULL,'HB31106K23787',NULL,NULL),('HB31E1235329',NULL,NULL,NULL,NULL,'BV1-BR',NULL,NULL,'HB31186K23776',NULL,NULL),('HB31E1235459',NULL,NULL,NULL,NULL,'BV1-BR',NULL,NULL,'HB31136K23662',NULL,NULL),('HB31E1235479',NULL,NULL,NULL,NULL,'BV1-BR',NULL,NULL,'HB31196K23663',NULL,NULL),('HB31E1235524',NULL,NULL,NULL,NULL,'BV1-BR',NULL,NULL,'HB31136K23661',NULL,NULL),('HB31E1237207',NULL,NULL,NULL,NULL,'BV1-BR',NULL,NULL,'HB31136K24330',NULL,NULL),('HB31E1237213',NULL,NULL,NULL,NULL,'BV1-BR',NULL,NULL,'HB31126K24330',NULL,NULL),('HB31E1237236',NULL,NULL,NULL,NULL,'BV1-BR',NULL,NULL,'HB31126K24344',NULL,NULL),('HB31E1237317',NULL,NULL,NULL,NULL,'BV1-BR',NULL,NULL,'HB31116K24331',NULL,NULL),('HB31E1237647',NULL,NULL,NULL,NULL,'BV1-BR',NULL,NULL,'HB31116K23719',NULL,NULL),('HB31E1237679',NULL,NULL,NULL,NULL,'BV1-BR',NULL,NULL,'HB31186K23665',NULL,NULL),('HB31E1237689',NULL,NULL,NULL,NULL,'BV1-BR',NULL,NULL,'HB31126K23664',NULL,NULL),('HB31E1237712',NULL,NULL,NULL,NULL,'BV1-BR',NULL,NULL,'HB31156K23776',NULL,NULL),('HB31E1237713',NULL,NULL,NULL,NULL,'BV1-BR',NULL,NULL,'HB31196K23776',NULL,NULL),('HB31E1237718',NULL,NULL,NULL,NULL,'BV1-BR',NULL,NULL,'HB31136K23775',NULL,NULL),('HB31E1237720',NULL,NULL,NULL,NULL,'BV1-BR',NULL,NULL,'HB31166K23664',NULL,NULL),('HB31E1237721',NULL,NULL,NULL,NULL,'BV1-BR',NULL,NULL,'HB31196K23666',NULL,NULL),('HB31E1237726',NULL,NULL,NULL,NULL,'BV1-BR',NULL,NULL,'HB31156K23665',NULL,NULL),('HB31E1237755',NULL,NULL,NULL,NULL,'BV1-BR',NULL,NULL,'HB31176K23775',NULL,NULL),('HB31E1237760',NULL,NULL,NULL,NULL,'BV1-BR',NULL,NULL,'HB31156K23775',NULL,NULL),('HB31E1237761',NULL,NULL,NULL,NULL,'BV1-BR',NULL,NULL,'HB31106K23776',NULL,NULL),('HB31E1237763',NULL,NULL,NULL,NULL,'BV1-BR',NULL,NULL,'HB31136K23716',NULL,NULL),('HB31E1237764',NULL,NULL,NULL,NULL,'BV1-BR',NULL,NULL,'HB31136K23715',NULL,NULL),('HB31E1237767',NULL,NULL,NULL,NULL,'BV1-BR',NULL,NULL,'HB31176K23715',NULL,NULL),('HB31E1237770',NULL,NULL,NULL,NULL,'BV1-BR',NULL,NULL,'HB31196K23775',NULL,NULL),('HB31E1237772',NULL,NULL,NULL,NULL,'BV1-BR',NULL,NULL,'HB31196K23665',NULL,NULL),('HB31E1237773',NULL,NULL,NULL,NULL,'BV1-BR',NULL,NULL,'HB31196K23664',NULL,NULL),('HB31E1237775',NULL,NULL,NULL,NULL,'BV1-BR',NULL,NULL,'HB31146K23665',NULL,NULL),('HB31E1237777',NULL,NULL,NULL,NULL,'BV1-BR',NULL,NULL,'HB31176K23665',NULL,NULL),('HB31E1238444',NULL,NULL,NULL,NULL,'BV1-BR',NULL,NULL,'HB31166K23878',NULL,NULL),('HB31E1238450',NULL,NULL,NULL,NULL,'BV1-BR',NULL,NULL,'HB31156K23856',NULL,NULL),('HB31E1238498',NULL,NULL,NULL,NULL,'BV1-BR',NULL,NULL,'HB31196K23874',NULL,NULL),('HB31E1238503',NULL,NULL,NULL,NULL,'BV1-BR',NULL,NULL,'HB31186K23861',NULL,NULL),('HB31E1238520',NULL,NULL,NULL,NULL,'BV1-BR',NULL,NULL,'HB31116K23857',NULL,NULL),('HB31E1238524',NULL,NULL,NULL,NULL,'BV1-BR',NULL,NULL,'HB31106K23859',NULL,NULL),('HB31E1238526',NULL,NULL,NULL,NULL,'BV1-BR',NULL,NULL,'HB31126K23858',NULL,NULL),('HB31E1238532',NULL,NULL,NULL,NULL,'BV1-BR',NULL,NULL,'HB31146K23857',NULL,NULL),('HB31E1238533',NULL,NULL,NULL,NULL,'BV1-BR',NULL,NULL,'HB31166K23877',NULL,NULL),('HB31E1238534',NULL,NULL,NULL,NULL,'BV1-BR',NULL,NULL,'HB311X6K23878',NULL,NULL),('HB31E1238535',NULL,NULL,NULL,NULL,'BV1-BR',NULL,NULL,'HB31156K23878',NULL,NULL),('HB31E1238536',NULL,NULL,NULL,NULL,'BV1-BR',NULL,NULL,'HB31186K23878',NULL,NULL),('HB31E1238538',NULL,NULL,NULL,NULL,'BV1-BR',NULL,NULL,'HB31186K23877',NULL,NULL),('HB31E1238544',NULL,NULL,NULL,NULL,'BV1-BR',NULL,NULL,'HB311X6K23876',NULL,NULL),('HB31E1238546',NULL,NULL,NULL,NULL,'BV1-BR',NULL,NULL,'HB311X6K23877',NULL,NULL),('HB31E1238554',NULL,NULL,NULL,NULL,'BV1-BR',NULL,NULL,'HB31116K23840',NULL,NULL),('HB31E1238571',NULL,NULL,NULL,NULL,'BV1-BR',NULL,NULL,'HB31136K23860',NULL,NULL),('HB31E1238575',NULL,NULL,NULL,NULL,'BV1-BR',NULL,NULL,'HB31156K23858',NULL,NULL),('HB31E1238580',NULL,NULL,NULL,NULL,'BV1-BR',NULL,NULL,'HB31126K23857',NULL,NULL),('HB31E1238582',NULL,NULL,NULL,NULL,'BV1-BR',NULL,NULL,'HB31126K23878',NULL,NULL),('HB31E1238583',NULL,NULL,NULL,NULL,'BV1-BR',NULL,NULL,'HB31116K23858',NULL,NULL),('HB31E1238585',NULL,NULL,NULL,NULL,'BV1-BR',NULL,NULL,'HB31136K23879',NULL,NULL),('HB31E1238589',NULL,NULL,NULL,NULL,'BV1-BR',NULL,NULL,'HB31176K23857',NULL,NULL),('HB31E1238594',NULL,NULL,NULL,NULL,'BV1-BR',NULL,NULL,'HB31126K23877',NULL,NULL),('HB31E1238595',NULL,NULL,NULL,NULL,'BV1-BR',NULL,NULL,'HB31156K23877',NULL,NULL),('HB31E1238602',NULL,NULL,NULL,NULL,'BV1-BR',NULL,NULL,'HB31126K23875',NULL,NULL),('HB31E1238619',NULL,NULL,NULL,NULL,'BV1-BR',NULL,NULL,'HB31106K23876',NULL,NULL),('HB31E1238638',NULL,NULL,NULL,NULL,'BV1-BR',NULL,NULL,'HB31186K23873',NULL,NULL),('HB31E1238663',NULL,NULL,NULL,NULL,'BV1-BR',NULL,NULL,'HB31156K23855',NULL,NULL),('HB31E1238833',NULL,NULL,NULL,NULL,'BV1-BR',NULL,NULL,'HB31146K23697',NULL,NULL),('HB31E1238850',NULL,NULL,NULL,NULL,'BV1-BR',NULL,NULL,'HB31106K23691',NULL,NULL),('HB31E1238868',NULL,NULL,NULL,NULL,'BV1-BR',NULL,NULL,'HB31136K23697',NULL,NULL),('HB31E1238917',NULL,NULL,NULL,NULL,'BV1-BR',NULL,NULL,'HB31166K23694',NULL,NULL),('HB31E1238933',NULL,NULL,NULL,NULL,'BV1-BR',NULL,NULL,'HB31126K23694',NULL,NULL),('HB31E1238934',NULL,NULL,NULL,NULL,'BV1-BR',NULL,NULL,'HB31146K23694',NULL,NULL),('HB31E1238936',NULL,NULL,NULL,NULL,'BV1-BR',NULL,NULL,'HB31196K23693',NULL,NULL),('HB31E1238939',NULL,NULL,NULL,NULL,'BV1-BR',NULL,NULL,'HB31146K23692',NULL,NULL),('HB31E1238943',NULL,NULL,NULL,NULL,'BV1-BR',NULL,NULL,'HB31146K23693',NULL,NULL),('HB31E1238944',NULL,NULL,NULL,NULL,'BV1-BR',NULL,NULL,'HB31106K23693',NULL,NULL),('HB31E1238948',NULL,NULL,NULL,NULL,'BV1-BR',NULL,NULL,'HB31116K23693',NULL,NULL),('HB31E1238970',NULL,NULL,NULL,NULL,'BV1-BR',NULL,NULL,'HB31186K23695',NULL,NULL),('HB31E1238975',NULL,NULL,NULL,NULL,'BV1-BR',NULL,NULL,'HB31166K23690',NULL,NULL),('HB31E1238979',NULL,NULL,NULL,NULL,'BV1-BR',NULL,NULL,'HB31136K23693',NULL,NULL),('HB31E1238982',NULL,NULL,NULL,NULL,'BV1-BR',NULL,NULL,'HB31126K23692',NULL,NULL),('HB31E1238983',NULL,NULL,NULL,NULL,'BV1-BR',NULL,NULL,'HB31156K23693',NULL,NULL),('HB31E1238984',NULL,NULL,NULL,NULL,'BV1-BR',NULL,NULL,'HB31166K23692',NULL,NULL),('HB31E1238985',NULL,NULL,NULL,NULL,'BV1-BR',NULL,NULL,'HB31126K23693',NULL,NULL),('HB31E1238986',NULL,NULL,NULL,NULL,'BV1-BR',NULL,NULL,'HB311X6K23693',NULL,NULL),('HB31E1238988',NULL,NULL,NULL,NULL,'BV1-BR',NULL,NULL,'HB31186K23692',NULL,NULL),('HB31E1238990',NULL,NULL,NULL,NULL,'BV1-BR',NULL,NULL,'HB311X6K23692',NULL,NULL),('HB31E1239003',NULL,NULL,NULL,NULL,'BV1-BR',NULL,NULL,'HB31126K23695',NULL,NULL),('HB31E1239006',NULL,NULL,NULL,NULL,'BV1-BR',NULL,NULL,'HB31106K23695',NULL,NULL),('HB31E1239030',NULL,NULL,NULL,NULL,'BV1-BR',NULL,NULL,'HB31106K23692',NULL,NULL),('HB31E1239034',NULL,NULL,NULL,NULL,'BV1-BR',NULL,NULL,'HB311X6K23691',NULL,NULL),('HB31E1239035',NULL,NULL,NULL,NULL,'BV1-BR',NULL,NULL,'HB31146K23691',NULL,NULL),('HB31E1239039',NULL,NULL,NULL,NULL,'BV1-BR',NULL,NULL,'HB31146K23690',NULL,NULL),('HB31E1239060',NULL,NULL,NULL,NULL,'BV1-BR',NULL,NULL,'HB31136K23694',NULL,NULL),('HB31E1239082',NULL,NULL,NULL,NULL,'BV1-BR',NULL,NULL,'HB31196K23692',NULL,NULL),('HB31E1239090',NULL,NULL,NULL,NULL,'BV1-BR',NULL,NULL,'HB31156K23690',NULL,NULL),('HB31E1240039',NULL,NULL,NULL,NULL,'BV1-BR',NULL,NULL,'HB31106K24009',NULL,NULL),('HB31E1240095',NULL,NULL,NULL,NULL,'BV1-BR',NULL,NULL,'HB31116K24008',NULL,NULL),('HB31E1240111',NULL,NULL,NULL,NULL,'BV1-BR',NULL,NULL,'HB31166K23934',NULL,NULL),('HB31E1240118',NULL,NULL,NULL,NULL,'BV1-BR',NULL,NULL,'HB31106K23996',NULL,NULL),('HB31E1240148',NULL,NULL,NULL,NULL,'BV1-BR',NULL,NULL,'HB31146K23933',NULL,NULL),('HB31E1240196',NULL,NULL,NULL,NULL,'BV1-BR',NULL,NULL,'HB311X6K23934',NULL,NULL),('HB31E1240197',NULL,NULL,NULL,NULL,'BV1-BR',NULL,NULL,'HB31116K23932',NULL,NULL),('HB31E1240198',NULL,NULL,NULL,NULL,'BV1-BR',NULL,NULL,'HB31146K23934',NULL,NULL),('HB31E1240199',NULL,NULL,NULL,NULL,'BV1-BR',NULL,NULL,'HB31196K23934',NULL,NULL),('HB31E1240201',NULL,NULL,NULL,NULL,'BV1-BR',NULL,NULL,'HB31106K23933',NULL,NULL),('HB31E1240254',NULL,NULL,NULL,NULL,'BV1-BR',NULL,NULL,'HB31186K23933',NULL,NULL),('HB31E1241975',NULL,NULL,NULL,NULL,'BV1-BR',NULL,NULL,'HB31116K24341',NULL,NULL),('HB42E1006601',NULL,NULL,NULL,NULL,'CA0-BL',NULL,NULL,'HB42106K00693',NULL,NULL),('HB42E1006621',NULL,NULL,NULL,NULL,'CA0-BL',NULL,NULL,'HB42166K00692',NULL,NULL),('HB42E1006641',NULL,NULL,NULL,NULL,'CA0-BL',NULL,NULL,'HB42126K00677',NULL,NULL),('HB42E1006643',NULL,NULL,NULL,NULL,'CA0-BL',NULL,NULL,'HB42116K00685',NULL,NULL),('HB42E1006644',NULL,NULL,NULL,NULL,'CA0-BL',NULL,NULL,'HB42116K00691',NULL,NULL),('HB42E1006906',NULL,NULL,NULL,NULL,'CA0-BL',NULL,NULL,'HB42176K00684',NULL,NULL),('HB42E1006938',NULL,NULL,NULL,NULL,'CA0-BL',NULL,NULL,'HB42166K00683',NULL,NULL),('HB42E1006944',NULL,NULL,NULL,NULL,'CA0-BL',NULL,NULL,'HB42116K00679',NULL,NULL),('HB42E1006974',NULL,NULL,NULL,NULL,'CA0-BL',NULL,NULL,'HB42136K00679',NULL,NULL),('HB42E1006992',NULL,NULL,NULL,NULL,'CA0-BL',NULL,NULL,'HB42176K00685',NULL,NULL),('HB42E1008231',NULL,NULL,NULL,NULL,'CA0-BL',NULL,NULL,'HB42196K00818',NULL,NULL),('HB42E1008277',NULL,NULL,NULL,NULL,'CA0-BL',NULL,NULL,'HB42126K00817',NULL,NULL),('HB42E1008434',NULL,NULL,NULL,NULL,'CA0-BL',NULL,NULL,'HB421X6K00832',NULL,NULL),('HB42E1008435',NULL,NULL,NULL,NULL,'CA0-BL',NULL,NULL,'HB421X6K00826',NULL,NULL),('HB42E1008436',NULL,NULL,NULL,NULL,'CA0-BL',NULL,NULL,'HB42136K00831',NULL,NULL),('HB42E1008439',NULL,NULL,NULL,NULL,'CA0-BL',NULL,NULL,'HB42186K00836',NULL,NULL),('HB42E1008440',NULL,NULL,NULL,NULL,'CA0-BL',NULL,NULL,'HB421X6K00831',NULL,NULL),('HB42E1008443',NULL,NULL,NULL,NULL,'CA0-BL',NULL,NULL,'HB42136K00832',NULL,NULL),('HB42E1008446',NULL,NULL,NULL,NULL,'CA0-BL',NULL,NULL,'HB42116K00831',NULL,NULL),('HB42E1008447',NULL,NULL,NULL,NULL,'CA0-BL',NULL,NULL,'HB42156K00827',NULL,NULL),('HB42E1008448',NULL,NULL,NULL,NULL,'CA0-BL',NULL,NULL,'HB42126K00831',NULL,NULL),('HB42E1008504',NULL,NULL,NULL,NULL,'CA0-BL',NULL,NULL,'HB42126K00832',NULL,NULL),('HB42E1008506',NULL,NULL,NULL,NULL,'CA0-BL',NULL,NULL,'HB42186K00835',NULL,NULL),('HB42E1008508',NULL,NULL,NULL,NULL,'CA0-BL',NULL,NULL,'HB42116K00833',NULL,NULL),('HB42E1008509',NULL,NULL,NULL,NULL,'CA0-BL',NULL,NULL,'HB42176K00832',NULL,NULL),('HB42E1008510',NULL,NULL,NULL,NULL,'CA0-BL',NULL,NULL,'HB42136K00833',NULL,NULL),('HB42E1008511',NULL,NULL,NULL,NULL,'CA0-BL',NULL,NULL,'HB42156K00845',NULL,NULL),('HB42E1008512',NULL,NULL,NULL,NULL,'CA0-BL',NULL,NULL,'HB421X6K00828',NULL,NULL),('HB42E1008514',NULL,NULL,NULL,NULL,'CA0-BL',NULL,NULL,'HB42166K00836',NULL,NULL),('HB42E1008523',NULL,NULL,NULL,NULL,'CA0-BL',NULL,NULL,'HB42146K00830',NULL,NULL),('HB42E1008526',NULL,NULL,NULL,NULL,'CA0-BL',NULL,NULL,'HB42116K00834',NULL,NULL),('HB42E1008527',NULL,NULL,NULL,NULL,'CA0-BL',NULL,NULL,'HB42196K00834',NULL,NULL),('HB42E1008533',NULL,NULL,NULL,NULL,'CA0-BL',NULL,NULL,'HB42116K00835',NULL,NULL),('HB42E1008540',NULL,NULL,NULL,NULL,'CA0-BL',NULL,NULL,'HB42106K00830',NULL,NULL),('HB42E1008541',NULL,NULL,NULL,NULL,'CA0-BL',NULL,NULL,'HB421X6K00829',NULL,NULL),('HB42E1008546',NULL,NULL,NULL,NULL,'CA0-BL',NULL,NULL,'HB42196K00835',NULL,NULL),('HB42E1008552',NULL,NULL,NULL,NULL,'CA0-BL',NULL,NULL,'HB42136K00827',NULL,NULL),('HB42E1008553',NULL,NULL,NULL,NULL,'CA0-BL',NULL,NULL,'HB42136K00845',NULL,NULL),('HB42E1008556',NULL,NULL,NULL,NULL,'CA0-BL',NULL,NULL,'HB42146K00833',NULL,NULL),('HB42E1008565',NULL,NULL,NULL,NULL,'CA0-BL',NULL,NULL,'HB42196K00830',NULL,NULL),('HB42E1008567',NULL,NULL,NULL,NULL,'CA0-BL',NULL,NULL,'HB42106K00832',NULL,NULL),('HB42E1008571',NULL,NULL,NULL,NULL,'CA0-BL',NULL,NULL,'HB42186K00834',NULL,NULL),('HB42E1008572',NULL,NULL,NULL,NULL,'CA0-BL',NULL,NULL,'HB42166K00829',NULL,NULL),('HB42E1008574',NULL,NULL,NULL,NULL,'CA0-BL',NULL,NULL,'HB42196K00829',NULL,NULL),('HB42E1008579',NULL,NULL,NULL,NULL,'CA0-BL',NULL,NULL,'HB42126K00829',NULL,NULL),('HB42E1008582',NULL,NULL,NULL,NULL,'CA0-BL',NULL,NULL,'HB42176K00845',NULL,NULL),('HB42E1008583',NULL,NULL,NULL,NULL,'CA0-BL',NULL,NULL,'HB42106K00836',NULL,NULL),('HB42E1008584',NULL,NULL,NULL,NULL,'CA0-BL',NULL,NULL,'HB42156K00835',NULL,NULL),('HB42E1008585',NULL,NULL,NULL,NULL,'CA0-BL',NULL,NULL,'HB42186K00830',NULL,NULL),('HB42E1008586',NULL,NULL,NULL,NULL,'CA0-BL',NULL,NULL,'HB421X6K00834',NULL,NULL),('HB42E1008589',NULL,NULL,NULL,NULL,'CA0-BL',NULL,NULL,'HB421X6K00830',NULL,NULL),('HB42E1008603',NULL,NULL,NULL,NULL,'CA0-BL',NULL,NULL,'HB42186K00850',NULL,NULL),('HB42E1008608',NULL,NULL,NULL,NULL,'CA0-BL',NULL,NULL,'HB42186K00856',NULL,NULL),('HB42E1008620',NULL,NULL,NULL,NULL,'CA0-BL',NULL,NULL,'HB42196K00850',NULL,NULL),('HB42E1008651',NULL,NULL,NULL,NULL,'CA0-BL',NULL,NULL,'HB421X6K00856',NULL,NULL),('HB42E1008653',NULL,NULL,NULL,NULL,'CA0-BL',NULL,NULL,'HB42136K00856',NULL,NULL),('HB42E1008655',NULL,NULL,NULL,NULL,'CA0-BL',NULL,NULL,'HB42116K00855',NULL,NULL),('HB42E1008658',NULL,NULL,NULL,NULL,'CA0-BL',NULL,NULL,'HB42126K00850',NULL,NULL),('HB42E1008662',NULL,NULL,NULL,NULL,'CA0-BL',NULL,NULL,'HB42146K00850',NULL,NULL),('HB42E1009160',NULL,NULL,NULL,NULL,'CA0-BL',NULL,NULL,'HB42176K00803',NULL,NULL),('HB42E1009510',NULL,NULL,NULL,NULL,'CA0-BL',NULL,NULL,'HB42136K00928',NULL,NULL),('HB42E1009521',NULL,NULL,NULL,NULL,'CA0-BL',NULL,NULL,'HB42186K00930',NULL,NULL),('HB42E1009523',NULL,NULL,NULL,NULL,'CA0-BL',NULL,NULL,'HB42126K00930',NULL,NULL),('HB42E1009534',NULL,NULL,NULL,NULL,'CA0-BL',NULL,NULL,'HB42176K00929',NULL,NULL),('HB42E1009543',NULL,NULL,NULL,NULL,'CA0-BL',NULL,NULL,'HB42156K00929',NULL,NULL),('HB42E1009548',NULL,NULL,NULL,NULL,'CA0-BL',NULL,NULL,'HB42156K00939',NULL,NULL),('HB42E1009565',NULL,NULL,NULL,NULL,'CA0-BL',NULL,NULL,'HB42116K00936',NULL,NULL),('HB42E1009572',NULL,NULL,NULL,NULL,'CA0-BL',NULL,NULL,'HB421X6K00927',NULL,NULL),('HB42E1009573',NULL,NULL,NULL,NULL,'CA0-BL',NULL,NULL,'HB42136K00930',NULL,NULL),('HB42E1009580',NULL,NULL,NULL,NULL,'CA0-BL',NULL,NULL,'HB42126K00940',NULL,NULL),('HB42E1009588',NULL,NULL,NULL,NULL,'CA0-BL',NULL,NULL,'HB42146K00939',NULL,NULL),('HB42E1009842',NULL,NULL,NULL,NULL,'CA0-BL',NULL,NULL,'HB42116K00984',NULL,NULL),('HB42E1009893',NULL,NULL,NULL,NULL,'CA0-BL',NULL,NULL,'HB42136K00990',NULL,NULL),('HB42E1009988',NULL,NULL,NULL,NULL,'CA0-BL',NULL,NULL,'HB42186K00989',NULL,NULL),('HB42E1009997',NULL,NULL,NULL,NULL,'CA0-BL',NULL,NULL,'HB42106K00983',NULL,NULL),('HB42E1010005',NULL,NULL,NULL,NULL,'CA0-BL',NULL,NULL,'HB42166K00989',NULL,NULL),('HB42E1010052',NULL,NULL,NULL,NULL,'CA0-BL',NULL,NULL,'HB42196K00983',NULL,NULL),('HB42E1010054',NULL,NULL,NULL,NULL,'CA0-BL',NULL,NULL,'HB42176K00983',NULL,NULL),('HB42E1010126',NULL,NULL,NULL,NULL,'CA0-BL',NULL,NULL,'HB421X6K00983',NULL,NULL),('HB42E1010127',NULL,NULL,NULL,NULL,'CA0-BL',NULL,NULL,'HB42176K00990',NULL,NULL),('HB42E1010128',NULL,NULL,NULL,NULL,'CA0-BL',NULL,NULL,'HB42146K00990',NULL,NULL),('HB42E1010132',NULL,NULL,NULL,NULL,'CA0-BL',NULL,NULL,'HB42126K00991',NULL,NULL),('HB42E1010136',NULL,NULL,NULL,NULL,'CA0-BL',NULL,NULL,'HB42176K00991',NULL,NULL),('HB42E1010171',NULL,NULL,NULL,NULL,'CA0-BL',NULL,NULL,'HB42156K00989',NULL,NULL),('HB42E1010176',NULL,NULL,NULL,NULL,'CA0-BL',NULL,NULL,'HB42156K00991',NULL,NULL),('HB42E1010177',NULL,NULL,NULL,NULL,'CA0-BL',NULL,NULL,'HB42166K00990',NULL,NULL),('HB42E1010178',NULL,NULL,NULL,NULL,'CA0-BL',NULL,NULL,'HB42166K00983',NULL,NULL),('HB42E1010179',NULL,NULL,NULL,NULL,'CA0-BL',NULL,NULL,'HB421X6K00990',NULL,NULL),('HB42E1010180',NULL,NULL,NULL,NULL,'CA0-BL',NULL,NULL,'HB42136K00984',NULL,NULL),('HB42E1010189',NULL,NULL,NULL,NULL,'CA0-BL',NULL,NULL,'HB42186K00983',NULL,NULL),('HB42E1010193',NULL,NULL,NULL,NULL,'CA0-BL',NULL,NULL,'HB42176K00984',NULL,NULL),('HB42E1011883',NULL,NULL,NULL,NULL,'CA0-BL',NULL,NULL,'HB421X6K01189',NULL,NULL),('HB42E1011903',NULL,NULL,NULL,NULL,'CA0-BL',NULL,NULL,'HB42196K01188',NULL,NULL),('HB42E1011933',NULL,NULL,NULL,NULL,'CA0-BL',NULL,NULL,'HB42136K01189',NULL,NULL),('HB42E1011944',NULL,NULL,NULL,NULL,'CA0-BL',NULL,NULL,'HB42106K01190',NULL,NULL),('HB42E1011953',NULL,NULL,NULL,NULL,'CA0-BL',NULL,NULL,'HB42116K01192',NULL,NULL),('HB42E1011958',NULL,NULL,NULL,NULL,'CA0-BL',NULL,NULL,'HB42186K01193',NULL,NULL),('HB42E1011977',NULL,NULL,NULL,NULL,'CA0-BL',NULL,NULL,'HB42126K01192',NULL,NULL),('HB42E1011981',NULL,NULL,NULL,NULL,'CA0-BL',NULL,NULL,'HB42156K01187',NULL,NULL),('HB42E1011997',NULL,NULL,NULL,NULL,'CA0-BL',NULL,NULL,'HB42166K01196',NULL,NULL),('JB21E1125293',NULL,NULL,NULL,NULL,'BF0-BL',NULL,NULL,'JB21163K12814',NULL,NULL),('JB21E1125315',NULL,NULL,NULL,NULL,'BF0-BL',NULL,NULL,'JB21113K12814',NULL,NULL),('JB21E1125329',NULL,NULL,NULL,NULL,'BF0-BL',NULL,NULL,'JB21173K12809',NULL,NULL),('JB21E1125394',NULL,NULL,NULL,NULL,'BF0-BL',NULL,NULL,'JB21193K12807',NULL,NULL),('JB21E1125519',NULL,NULL,NULL,NULL,'BF0-BL',NULL,NULL,'JB21113K12808',NULL,NULL),('JB21E1127434',NULL,NULL,NULL,NULL,'BF0-BL',NULL,NULL,'JB21173K12886',NULL,NULL),('JB21E1127977',NULL,NULL,NULL,NULL,'BF0-BL',NULL,NULL,'JB21123K12891',NULL,NULL),('JB21E1128050',NULL,NULL,NULL,NULL,'BF0-BL',NULL,NULL,'JB21163K12879',NULL,NULL),('JB21E1128116',NULL,NULL,NULL,NULL,'BF0-BL',NULL,NULL,'JB21173K13051',NULL,NULL),('JB21E1128118',NULL,NULL,NULL,NULL,'BF0-BL',NULL,NULL,'JB21153K13050',NULL,NULL),('JB21E1128128',NULL,NULL,NULL,NULL,'BF0-BL',NULL,NULL,'JB211X3K13049',NULL,NULL),('JB21E1128130',NULL,NULL,NULL,NULL,'BF0-BL',NULL,NULL,'JB21143K13050',NULL,NULL),('JB21E1128190',NULL,NULL,NULL,NULL,'BF0-BL',NULL,NULL,'JB21103K13130',NULL,NULL),('JB21E1128191',NULL,NULL,NULL,NULL,'BF0-BL',NULL,NULL,'JB21123K13049',NULL,NULL),('JB21E1128260',NULL,NULL,NULL,NULL,'BF0-BL',NULL,NULL,'JB211X3K12883',NULL,NULL),('JB21E1128280',NULL,NULL,NULL,NULL,'BF0-BL',NULL,NULL,'JB21173K13061',NULL,NULL),('JB21E1128295',NULL,NULL,NULL,NULL,'BF0-BL',NULL,NULL,'JB21103K13049',NULL,NULL),('JB21E1128299',NULL,NULL,NULL,NULL,'BF0-BL',NULL,NULL,'JB21153K13052',NULL,NULL),('JB21E1128300',NULL,NULL,NULL,NULL,'BF0-BL',NULL,NULL,'JB21133K13062',NULL,NULL),('JB21E1128301',NULL,NULL,NULL,NULL,'BF0-BL',NULL,NULL,'JB211X3K13053',NULL,NULL),('JB21E1128302',NULL,NULL,NULL,NULL,'BF0-BL',NULL,NULL,'JB21183K13053',NULL,NULL),('JB21E1128310',NULL,NULL,NULL,NULL,'BF0-BL',NULL,NULL,'JB21153K13069',NULL,NULL),('JB21E1128314',NULL,NULL,NULL,NULL,'BF0-BL',NULL,NULL,'JB21183K13069',NULL,NULL),('JB21E1128315',NULL,NULL,NULL,NULL,'BF0-BL',NULL,NULL,'JB21113K13069',NULL,NULL),('JB21E1128319',NULL,NULL,NULL,NULL,'BF0-BL',NULL,NULL,'JB21163K13052',NULL,NULL),('JB21E1128321',NULL,NULL,NULL,NULL,'BF0-BL',NULL,NULL,'JB21143K13052',NULL,NULL),('JB21E1128341',NULL,NULL,NULL,NULL,'BF0-BL',NULL,NULL,'JB21193K13049',NULL,NULL),('JB21E1128350',NULL,NULL,NULL,NULL,'BF0-BL',NULL,NULL,'JB21173K13053',NULL,NULL),('JB21E1128351',NULL,NULL,NULL,NULL,'BF0-BL',NULL,NULL,'JB211X3K13050',NULL,NULL),('JB21E1128356',NULL,NULL,NULL,NULL,'BF0-BL',NULL,NULL,'JB21123K13051',NULL,NULL),('JB21E1128358',NULL,NULL,NULL,NULL,'BF0-BL',NULL,NULL,'JB21163K13077',NULL,NULL),('JB21E1128363',NULL,NULL,NULL,NULL,'BF0-BL',NULL,NULL,'JB21183K13050',NULL,NULL),('JB21E1128369',NULL,NULL,NULL,NULL,'BF0-BL',NULL,NULL,'JB21173K13069',NULL,NULL),('JB21E1128375',NULL,NULL,NULL,NULL,'BF0-BL',NULL,NULL,'JB21173K13070',NULL,NULL),('JB21E1128378',NULL,NULL,NULL,NULL,'BF0-BL',NULL,NULL,'JB21193K13069',NULL,NULL),('JB21E1128412',NULL,NULL,NULL,NULL,'BF0-BL',NULL,NULL,'JB21133K13069',NULL,NULL),('JB21E1128415',NULL,NULL,NULL,NULL,'BF0-BL',NULL,NULL,'JB21123K13052',NULL,NULL),('JB21E1128417',NULL,NULL,NULL,NULL,'BF0-BL',NULL,NULL,'JB211X3K13069',NULL,NULL),('JB21E1128418',NULL,NULL,NULL,NULL,'BF0-BL',NULL,NULL,'JB21103K13052',NULL,NULL),('JB21E1128419',NULL,NULL,NULL,NULL,'BF0-BL',NULL,NULL,'JB21153K13054',NULL,NULL),('JB21E1128423',NULL,NULL,NULL,NULL,'BF0-BL',NULL,NULL,'JB21113K13075',NULL,NULL),('JB21E1128427',NULL,NULL,NULL,NULL,'BF0-BL',NULL,NULL,'JB21103K13051',NULL,NULL),('JB21E1128428',NULL,NULL,NULL,NULL,'BF0-BL',NULL,NULL,'JB21143K13071',NULL,NULL),('JB21E1128438',NULL,NULL,NULL,NULL,'BF0-BL',NULL,NULL,'JB21123K13048',NULL,NULL),('JB21E1128440',NULL,NULL,NULL,NULL,'BF0-BL',NULL,NULL,'JB21163K13059',NULL,NULL),('JB21E1128449',NULL,NULL,NULL,NULL,'BF0-BL',NULL,NULL,'JB21153K13048',NULL,NULL),('JB21E1128470',NULL,NULL,NULL,NULL,'BF0-BL',NULL,NULL,'JB21113K13056',NULL,NULL),('JB21E1128475',NULL,NULL,NULL,NULL,'BF0-BL',NULL,NULL,'JB21183K13056',NULL,NULL),('JB21E1128481',NULL,NULL,NULL,NULL,'BF0-BL',NULL,NULL,'JB21173K13055',NULL,NULL),('JB21E1128486',NULL,NULL,NULL,NULL,'BF0-BL',NULL,NULL,'JB21123K13055',NULL,NULL),('JB21E1128487',NULL,NULL,NULL,NULL,'BF0-BL',NULL,NULL,'JB21133K13083',NULL,NULL),('JB21E1128489',NULL,NULL,NULL,NULL,'BF0-BL',NULL,NULL,'JB21103K13056',NULL,NULL),('JB21E1128497',NULL,NULL,NULL,NULL,'BF0-BL',NULL,NULL,'JB21173K13082',NULL,NULL),('JB21E1128498',NULL,NULL,NULL,NULL,'BF0-BL',NULL,NULL,'JB21183K13055',NULL,NULL),('JB21E1128505',NULL,NULL,NULL,NULL,'BF0-BL',NULL,NULL,'JB21183K13054',NULL,NULL),('JB21E1128506',NULL,NULL,NULL,NULL,'BF0-BL',NULL,NULL,'JB21183K13078',NULL,NULL),('JB21E1128509',NULL,NULL,NULL,NULL,'BF0-BL',NULL,NULL,'JB21153K13087',NULL,NULL),('JB21E1128510',NULL,NULL,NULL,NULL,'BF0-BL',NULL,NULL,'JB21173K13087',NULL,NULL),('JB21E1128511',NULL,NULL,NULL,NULL,'BF0-BL',NULL,NULL,'JB21183K13057',NULL,NULL),('JB21E1128514',NULL,NULL,NULL,NULL,'BF0-BL',NULL,NULL,'JB21113K13051',NULL,NULL),('JB21E1128522',NULL,NULL,NULL,NULL,'BF0-BL',NULL,NULL,'JB21153K13056',NULL,NULL),('JB21E1128524',NULL,NULL,NULL,NULL,'BF0-BL',NULL,NULL,'JB21143K13068',NULL,NULL),('JB21E1128526',NULL,NULL,NULL,NULL,'BF0-BL',NULL,NULL,'JB21163K13068',NULL,NULL),('JB21E1128532',NULL,NULL,NULL,NULL,'BF0-BL',NULL,NULL,'JB211X3K13087',NULL,NULL),('JB21E1128536',NULL,NULL,NULL,NULL,'BF0-BL',NULL,NULL,'JB21133K13082',NULL,NULL),('JB21E1128552',NULL,NULL,NULL,NULL,'BF0-BL',NULL,NULL,'JB21143K13051',NULL,NULL),('JB21E1128554',NULL,NULL,NULL,NULL,'BF0-BL',NULL,NULL,'JB21163K13051',NULL,NULL),('JB21E1128558',NULL,NULL,NULL,NULL,'BF0-BL',NULL,NULL,'JB21133K13057',NULL,NULL),('JB21E1128559',NULL,NULL,NULL,NULL,'BF0-BL',NULL,NULL,'JB21193K13057',NULL,NULL),('JB21E1128589',NULL,NULL,NULL,NULL,'BF0-BL',NULL,NULL,'JB21183K13081',NULL,NULL),('JB21E1128592',NULL,NULL,NULL,NULL,'BF0-BL',NULL,NULL,'JB21133K13052',NULL,NULL),('JB21E1128593',NULL,NULL,NULL,NULL,'BF0-BL',NULL,NULL,'JB21143K13057',NULL,NULL),('JB21E1128594',NULL,NULL,NULL,NULL,'BF0-BL',NULL,NULL,'JB21163K13069',NULL,NULL),('JB21E1128595',NULL,NULL,NULL,NULL,'BF0-BL',NULL,NULL,'JB21173K13052',NULL,NULL),('JB21E1128597',NULL,NULL,NULL,NULL,'BF0-BL',NULL,NULL,'JB21133K13051',NULL,NULL),('JB21E1128600',NULL,NULL,NULL,NULL,'BF0-BL',NULL,NULL,'JB21123K13069',NULL,NULL),('JB21E1128604',NULL,NULL,NULL,NULL,'BF0-BL',NULL,NULL,'JB21193K13070',NULL,NULL),('JB21E1128608',NULL,NULL,NULL,NULL,'BF0-BL',NULL,NULL,'JB21123K13068',NULL,NULL),('JB21E1128609',NULL,NULL,NULL,NULL,'BF0-BL',NULL,NULL,'JB211X3K13051',NULL,NULL),('JB21E1128610',NULL,NULL,NULL,NULL,'BF0-BL',NULL,NULL,'JB21123K13056',NULL,NULL),('JB21E1128621',NULL,NULL,NULL,NULL,'BF0-BL',NULL,NULL,'JB21193K13085',NULL,NULL),('JB21E1128626',NULL,NULL,NULL,NULL,'BF0-BL',NULL,NULL,'JB21143K13080',NULL,NULL),('JB21E1128632',NULL,NULL,NULL,NULL,'BF0-BL',NULL,NULL,'JB211X3K13082',NULL,NULL),('JB21E1128636',NULL,NULL,NULL,NULL,'BF0-BL',NULL,NULL,'JB21183K13082',NULL,NULL),('JB21E1128638',NULL,NULL,NULL,NULL,'BF0-BL',NULL,NULL,'JB21123K13082',NULL,NULL),('JB21E1128639',NULL,NULL,NULL,NULL,'BF0-BL',NULL,NULL,'JB21103K13082',NULL,NULL),('JB21E1128643',NULL,NULL,NULL,NULL,'BF0-BL',NULL,NULL,'JB21183K13087',NULL,NULL),('JB21E1128644',NULL,NULL,NULL,NULL,'BF0-BL',NULL,NULL,'JB21173K13078',NULL,NULL),('JB21E1128645',NULL,NULL,NULL,NULL,'BF0-BL',NULL,NULL,'JB21163K13087',NULL,NULL),('JB21E1128653',NULL,NULL,NULL,NULL,'BF0-BL',NULL,NULL,'JB21183K13086',NULL,NULL),('JB21E1128923',NULL,NULL,NULL,NULL,'BF0-BL',NULL,NULL,'JB21123K12900',NULL,NULL),('JB21E1129304',NULL,NULL,NULL,NULL,'BF0-BL',NULL,NULL,'JB21113K13177',NULL,NULL),('JB21E1129358',NULL,NULL,NULL,NULL,'BF0-BL',NULL,NULL,'JB21123K13125',NULL,NULL),('JB21E1129366',NULL,NULL,NULL,NULL,'BF0-BL',NULL,NULL,'JB21113K12901',NULL,NULL),('JB21E1129517',NULL,NULL,NULL,NULL,'BF0-BL',NULL,NULL,'JB21103K12901',NULL,NULL),('JB21E1129569',NULL,NULL,NULL,NULL,'BF0-BL',NULL,NULL,'JB21103K12902',NULL,NULL),('JB21E1129821',NULL,NULL,NULL,NULL,'BF0-BL',NULL,NULL,'JB21113K12900',NULL,NULL),('JB21E1130087',NULL,NULL,NULL,NULL,'BF0-BL',NULL,NULL,'JB21123K13300',NULL,NULL),('JB21E1130474',NULL,NULL,NULL,NULL,'BF0-BL',NULL,NULL,'JB21103K13207',NULL,NULL),('JB21E1130507',NULL,NULL,NULL,NULL,'BF0-BL',NULL,NULL,'JB21113K13225',NULL,NULL),('JB41E1000055',NULL,NULL,NULL,NULL,'BP0-HM',NULL,NULL,'JB411X5K00016',NULL,NULL),('JB41E1000163',NULL,NULL,NULL,NULL,'BP0-HM',NULL,NULL,'JB41125K00046',NULL,NULL),('JB41E1000382',NULL,NULL,NULL,NULL,'BP0-HM',NULL,NULL,'JB41165K00046',NULL,NULL),('JB41E1000433',NULL,NULL,NULL,NULL,'BP0-HM',NULL,NULL,'JB41115K00064',NULL,NULL),('JB41E1000551',NULL,NULL,NULL,NULL,'BP0-HM',NULL,NULL,'JB41195K00064',NULL,NULL),('JB41E1000595',NULL,NULL,NULL,NULL,'BP0-HM',NULL,NULL,'JB41185K00064',NULL,NULL),('JB41E1001121',NULL,NULL,NULL,NULL,'BP0-HM',NULL,NULL,'JB41125K00090',NULL,NULL),('JB41E1001180',NULL,NULL,NULL,NULL,'BP0-HM',NULL,NULL,'JB41115K00096',NULL,NULL),('JB41E1001192',NULL,NULL,NULL,NULL,'BP0-HM',NULL,NULL,'JB41135K00096',NULL,NULL),('JB41E1001262',NULL,NULL,NULL,NULL,'BP0-HM',NULL,NULL,'JB41105K00111',NULL,NULL),('JB41E1001413',NULL,NULL,NULL,NULL,'BP0-HM',NULL,NULL,'JB41165K00148',NULL,NULL),('JB41E1001501',NULL,NULL,NULL,NULL,'BP0-HM',NULL,NULL,'JB41175K00155',NULL,NULL),('JB41E1001504',NULL,NULL,NULL,NULL,'BP0-HM',NULL,NULL,'JB41185K00155',NULL,NULL),('JB41E1001509',NULL,NULL,NULL,NULL,'BP0-HM',NULL,NULL,'JB41155K00154',NULL,NULL),('JB41E1001602',NULL,NULL,NULL,NULL,'BP0-HM',NULL,NULL,'JB411X5K00115',NULL,NULL),('JB41E1001611',NULL,NULL,NULL,NULL,'BP0-HM',NULL,NULL,'JB41115K00115',NULL,NULL),('JB41E1001642',NULL,NULL,NULL,NULL,'BP0-HM',NULL,NULL,'JB411X5K00192',NULL,NULL),('JB41E1001646',NULL,NULL,NULL,NULL,'BP0-HM',NULL,NULL,'JB41115K00192',NULL,NULL),('JB41E1001675',NULL,NULL,NULL,NULL,'BP0-HM',NULL,NULL,'JB41125K00117',NULL,NULL),('JB41E1001688',NULL,NULL,NULL,NULL,'BP0-HM',NULL,NULL,'JB41155K00196',NULL,NULL),('JB41E1001691',NULL,NULL,NULL,NULL,'BP0-HM',NULL,NULL,'JB41135K00196',NULL,NULL),('JB41E1001694',NULL,NULL,NULL,NULL,'BP0-HM',NULL,NULL,'JB41105K00191',NULL,NULL),('JB41E1002358',NULL,NULL,NULL,NULL,'BP0-HM',NULL,NULL,'JB41185K00332',NULL,NULL),('JB41E1002426',NULL,NULL,NULL,NULL,'BP0-HM',NULL,NULL,'JB41115K00336',NULL,NULL),('JB41E1002427',NULL,NULL,NULL,NULL,'BP0-HM',NULL,NULL,'JB41145K00331',NULL,NULL),('JB41E1002435',NULL,NULL,NULL,NULL,'BP0-HM',NULL,NULL,'JB41145K00335',NULL,NULL),('JB41E1002446',NULL,NULL,NULL,NULL,'BP0-HM',NULL,NULL,'JB41135K00329',NULL,NULL),('JB41E1002900',NULL,NULL,NULL,NULL,'BP0-HM',NULL,NULL,'JB41145K00228',NULL,NULL),('JB41E1003196',NULL,NULL,NULL,NULL,'BP0-HM',NULL,NULL,'JB41175K00228',NULL,NULL),('JB41E1005950',NULL,NULL,NULL,NULL,'BP0-HM',NULL,NULL,'JB41105K00713',NULL,NULL),('JB41E1005962',NULL,NULL,NULL,NULL,'BP0-HM',NULL,NULL,'JB41105K00717',NULL,NULL),('JB41E1005970',NULL,NULL,NULL,NULL,'BP0-HM',NULL,NULL,'JB41195K00721',NULL,NULL),('JB41E1005977',NULL,NULL,NULL,NULL,'BP0-HM',NULL,NULL,'JB41135K00720',NULL,NULL),('JB41E1005981',NULL,NULL,NULL,NULL,'BP0-HM',NULL,NULL,'JB411X5K00718',NULL,NULL),('JB41E1005985',NULL,NULL,NULL,NULL,'BP0-HM',NULL,NULL,'JB411X5K00719',NULL,NULL),('JB41E1009602',NULL,NULL,NULL,NULL,'BP0-HM',NULL,NULL,'JB41165K00720',NULL,NULL),('JB41E1009603',NULL,NULL,NULL,NULL,'BP0-HM',NULL,NULL,'JB41195K00719',NULL,NULL),('JB41E1009604',NULL,NULL,NULL,NULL,'BP0-HM',NULL,NULL,'JB41115K00716',NULL,NULL),('JB41E1009619',NULL,NULL,NULL,NULL,'BP0-HM',NULL,NULL,'JB411X5K00720',NULL,NULL),('JB41E1009620',NULL,NULL,NULL,NULL,'BP0-HM',NULL,NULL,'JB41195K00717',NULL,NULL),('JB41E1009621',NULL,NULL,NULL,NULL,'BP0-HM',NULL,NULL,'JB41185K00719',NULL,NULL),('JB41E1009623',NULL,NULL,NULL,NULL,'BP0-HM',NULL,NULL,'JB41165K00719',NULL,NULL),('JB41E1010355',NULL,NULL,NULL,NULL,'BP0-HM',NULL,NULL,'JB41125K00790',NULL,NULL),('JB41E1010376',NULL,NULL,NULL,NULL,'BP0-HM',NULL,NULL,'JB41105K00805',NULL,NULL),('JB41E1010429',NULL,NULL,NULL,NULL,'BP0-HM',NULL,NULL,'JB41115K00788',NULL,NULL),('JB41E1010461',NULL,NULL,NULL,NULL,'BP0-HM',NULL,NULL,'JB41115K00805',NULL,NULL),('JB41E1010486',NULL,NULL,NULL,NULL,'BP0-HM',NULL,NULL,'JB411X5K00789',NULL,NULL),('JB41E1010490',NULL,NULL,NULL,NULL,'BP0-HM',NULL,NULL,'JB41115K00789',NULL,NULL),('JB41E1010493',NULL,NULL,NULL,NULL,'BP0-HM',NULL,NULL,'JB41165K00789',NULL,NULL),('JB41E1010587',NULL,NULL,NULL,NULL,'BP0-HM',NULL,NULL,'JB41115K00842',NULL,NULL),('JB41E1010619',NULL,NULL,NULL,NULL,'BP0-HM',NULL,NULL,'JB41175K00844',NULL,NULL),('JB41E1010842',NULL,NULL,NULL,NULL,'BP0-HM',NULL,NULL,'JB41195K00811',NULL,NULL),('JB41E1010897',NULL,NULL,NULL,NULL,'BP0-HM',NULL,NULL,'JB41125K00846',NULL,NULL),('JB41E1011042',NULL,NULL,NULL,NULL,'BP0-HM',NULL,NULL,'JB41185K00867',NULL,NULL),('JB41E1011045',NULL,NULL,NULL,NULL,'BP0-HM',NULL,NULL,'JB41125K00867',NULL,NULL),('JB41E1011544',NULL,NULL,NULL,NULL,'BP0-HM',NULL,NULL,'JB41175K00907',NULL,NULL),('JB41E1011545',NULL,NULL,NULL,NULL,'BP0-HM',NULL,NULL,'JB41175K00912',NULL,NULL),('JB41E1011989',NULL,NULL,NULL,NULL,'BP0-HM',NULL,NULL,'JB41115K00960',NULL,NULL),('JB41E1012048',NULL,NULL,NULL,NULL,'BP0-HM',NULL,NULL,'JB41185K00957',NULL,NULL),('JB41E1012051',NULL,NULL,NULL,NULL,'BP0-HM',NULL,NULL,'JB411X5K00960',NULL,NULL),('JB41E1012395',NULL,NULL,NULL,NULL,'BP0-HM',NULL,NULL,'JB41175K01107',NULL,NULL),('JB41E1012513',NULL,NULL,NULL,NULL,'BP0-HM',NULL,NULL,'JB41145K01032',NULL,NULL),('JB41E1012523',NULL,NULL,NULL,NULL,'BP0-HM',NULL,NULL,'JB41155K01033',NULL,NULL),('JB41E1012527',NULL,NULL,NULL,NULL,'BP0-HM',NULL,NULL,'JB41175K01025',NULL,NULL),('JB41E1012540',NULL,NULL,NULL,NULL,'BP0-HM',NULL,NULL,'JB41145K01029',NULL,NULL),('JB41E1012559',NULL,NULL,NULL,NULL,'BP0-HM',NULL,NULL,'JB41105K01036',NULL,NULL),('JB41E1012575',NULL,NULL,NULL,NULL,'BP0-HM',NULL,NULL,'JB41195K01026',NULL,NULL),('JB41E1012603',NULL,NULL,NULL,NULL,'BP0-HM',NULL,NULL,'JB411X5K01035',NULL,NULL),('JB41E1012610',NULL,NULL,NULL,NULL,'BP0-HM',NULL,NULL,'JB41135K01036',NULL,NULL),('JB41E1012615',NULL,NULL,NULL,NULL,'BP0-HM',NULL,NULL,'JB41135K01032',NULL,NULL),('JB41E1012637',NULL,NULL,NULL,NULL,'BP0-HM',NULL,NULL,'JB41175K01035',NULL,NULL),('JB41E1012653',NULL,NULL,NULL,NULL,'BP0-HM',NULL,NULL,'JB41125K01029',NULL,NULL),('JB41E1012876',NULL,NULL,NULL,NULL,'BP0-HM',NULL,NULL,'JB41105K01119',NULL,NULL),('JB41E1013008',NULL,NULL,NULL,NULL,'BP0-HM',NULL,NULL,'JB41135K01115',NULL,NULL),('JB41E1013011',NULL,NULL,NULL,NULL,'BP0-HM',NULL,NULL,'JB41115K01115',NULL,NULL),('JB41E1013014',NULL,NULL,NULL,NULL,'BP0-HM',NULL,NULL,'JB41175K01111',NULL,NULL),('JB41E1013016',NULL,NULL,NULL,NULL,'BP0-HM',NULL,NULL,'JB41155K01115',NULL,NULL),('JB41E1013022',NULL,NULL,NULL,NULL,'BP0-HM',NULL,NULL,'JB41125K01111',NULL,NULL),('JB41E1013024',NULL,NULL,NULL,NULL,'BP0-HM',NULL,NULL,'JB41165K01106',NULL,NULL),('JB41E1013034',NULL,NULL,NULL,NULL,'BP0-HM',NULL,NULL,'JB41145K01107',NULL,NULL),('JB41E1013045',NULL,NULL,NULL,NULL,'BP0-HM',NULL,NULL,'JB41165K01116',NULL,NULL),('JB41E1013047',NULL,NULL,NULL,NULL,'BP0-HM',NULL,NULL,'JB41105K01116',NULL,NULL),('JB41E1013052',NULL,NULL,NULL,NULL,'BP0-HM',NULL,NULL,'JB41165K01115',NULL,NULL),('JB41E1013208',NULL,NULL,NULL,NULL,'BP0-HM',NULL,NULL,'JB41185K01144',NULL,NULL),('JB41E1013223',NULL,NULL,NULL,NULL,'BP0-HM',NULL,NULL,'JB41115K01144',NULL,NULL),('JB41E1013224',NULL,NULL,NULL,NULL,'BP0-HM',NULL,NULL,'JB41175K01145',NULL,NULL),('JB41E1013238',NULL,NULL,NULL,NULL,'BP0-HM',NULL,NULL,'JB41155K01145',NULL,NULL),('JB41E1013245',NULL,NULL,NULL,NULL,'BP0-HM',NULL,NULL,'JB41105K01051',NULL,NULL),('JB41E1013271',NULL,NULL,NULL,NULL,'BP0-HM',NULL,NULL,'JB41195K01145',NULL,NULL),('JB41E1013276',NULL,NULL,NULL,NULL,'BP0-HM',NULL,NULL,'JB41195K01051',NULL,NULL),('JB41E1013280',NULL,NULL,NULL,NULL,'BP0-HM',NULL,NULL,'JB41155K01146',NULL,NULL),('JB41E1013289',NULL,NULL,NULL,NULL,'BP0-HM',NULL,NULL,'JB41105K01050',NULL,NULL),('JB41E1013299',NULL,NULL,NULL,NULL,'BP0-HM',NULL,NULL,'JB41185K01145',NULL,NULL),('JB41E1013302',NULL,NULL,NULL,NULL,'BP0-HM',NULL,NULL,'JB41185K01146',NULL,NULL),('JB41E1013304',NULL,NULL,NULL,NULL,'BP0-HM',NULL,NULL,'JB41145K01052',NULL,NULL),('JB41E1013316',NULL,NULL,NULL,NULL,'BP0-HM',NULL,NULL,'JB41115K01050',NULL,NULL),('JB41E1013322',NULL,NULL,NULL,NULL,'BP0-HM',NULL,NULL,'JB41115K01051',NULL,NULL),('JB41E1013417',NULL,NULL,NULL,NULL,'BP0-HM',NULL,NULL,'JB41165K01090',NULL,NULL),('JB41E1013425',NULL,NULL,NULL,NULL,'BP0-HM',NULL,NULL,'JB41125K01086',NULL,NULL),('JB41E1013478',NULL,NULL,NULL,NULL,'BP0-HM',NULL,NULL,'JB41145K01089',NULL,NULL);
/*!40000 ALTER TABLE `stok_detail` ENABLE KEYS */;
UNLOCK TABLES;

--
-- Table structure for table `stok_global`
--

DROP TABLE IF EXISTS `stok_global`;
/*!40101 SET @saved_cs_client     = @@character_set_client */;
/*!40101 SET character_set_client = utf8 */;
CREATE TABLE `stok_global` (
  `KD_ITEM` varchar(255) NOT NULL,
  `VCREABY` varchar(255) DEFAULT NULL,
  `DCREA` datetime DEFAULT NULL,
  `VMODIBY` varchar(255) DEFAULT NULL,
  `DMODI` datetime DEFAULT NULL,
  `LOKASI` varchar(6) DEFAULT NULL,
  `QTY` int(11) DEFAULT NULL,
  PRIMARY KEY (`KD_ITEM`)
) ENGINE=InnoDB DEFAULT CHARSET=latin1;
/*!40101 SET character_set_client = @saved_cs_client */;

--
-- Dumping data for table `stok_global`
--

LOCK TABLES `stok_global` WRITE;
/*!40000 ALTER TABLE `stok_global` DISABLE KEYS */;
INSERT INTO `stok_global` (`KD_ITEM`, `VCREABY`, `DCREA`, `VMODIBY`, `DMODI`, `LOKASI`, `QTY`) VALUES ('BF0-BL',NULL,NULL,NULL,NULL,NULL,100),('BP0-HM',NULL,NULL,NULL,NULL,NULL,100),('BV1-BR',NULL,NULL,NULL,NULL,NULL,100),('CA0-BL',NULL,NULL,NULL,NULL,NULL,100);
/*!40000 ALTER TABLE `stok_global` ENABLE KEYS */;
UNLOCK TABLES;
/*!40103 SET TIME_ZONE=@OLD_TIME_ZONE */;

/*!40101 SET SQL_MODE=@OLD_SQL_MODE */;
/*!40014 SET FOREIGN_KEY_CHECKS=@OLD_FOREIGN_KEY_CHECKS */;
/*!40014 SET UNIQUE_CHECKS=@OLD_UNIQUE_CHECKS */;
/*!40101 SET CHARACTER_SET_CLIENT=@OLD_CHARACTER_SET_CLIENT */;
/*!40101 SET CHARACTER_SET_RESULTS=@OLD_CHARACTER_SET_RESULTS */;
/*!40101 SET COLLATION_CONNECTION=@OLD_COLLATION_CONNECTION */;
/*!40111 SET SQL_NOTES=@OLD_SQL_NOTES */;

-- Dump completed on 2014-09-03  9:15:51
